Donor ID,Donor City,Donor State,Donor Is Teacher,Donor Zip
bdd640fb06671ad11c80317fa3b1799d,San Francisco,California,Yes,114
8b9d2434e465e150bd9c66b3ad3c2d6d,San Jose,California,Yes,105
9a1de644815ef6d13b8faa1837f8a88b,San Francisco,California,No,728
72ff5d2a386ecbe06b65a6a48b8148f6,Houston,Texas,No,173
47229389571aa8766c307511b2b9437a,San Diego,California,Yes,399
580d7b71d8f564135be6128e18c26797,Houston,Texas,No,559
60e7a113ec1b8ca1f91e1d4c1ff49b78,San Diego,California,No,643
93cd59bf5c941cf0dc98d2c1e2acf72f,Los Angeles,California,Yes,243
146d3f31fc377a4c4a15544dc5e7ce8a,Miami,Florida,No,474
29a3b2e95d65a441d58842dea2bc372f,Brooklyn,New York,No,728
12476f57a5e5a5abaefcfad8efc89849,Dallas,Texas,No,260
451b4cf36123fdf77656af7229d4beef,Unknown,other,Yes,342
0e51f30dc6a7ee39c4b032ccd7c524a5,Los Angeles,California,No,420
e9c349e03602f8ac10f1bc81448aaa9e,Greensboro,North Carolina,Yes,521
a491f0b2ea1fca65e27a984d654821d0,Bronx,New York,Yes,772
bf3c4c06434308bc89fa6a688fb5d27b,Fort Worth,Texas,No,234
827050a82369b584ff5e9ff0ff50bde4,New York,New York,No,166
ae340454cac5b68c28f49481a0a04dc4,New York,New York,No,620
405cacec877409a977d21e02ff01cf99,London,other,No,127
c03987108976e334e2817efdae849217,Sacramento,California,No,310
00d4af5974273ca3287d06ca6f4cc69a,Paris,other,No,790
1b3dbd5ce9a1fa6f81f76d1c2dbc2134,Orlando,Florida,No,529
5fb8d16c2720797d32ebd6899be578c7,Rockford,Illinois,No,954
99546eb400257ad1eb2263dd87c5421e,New York,New York,Yes,381
ce88cb2dd4e80839fc3e058be0f3eab0,New York,New York,Yes,590
bb5e4bcf15ed626914296c07f26b4776,New York,New York,No,555
a8e56e0c20de435d2031d750c40db9b4,Rochester,New York,Yes,550
f6e07cc06c52c49f9b49bd26df57c59a,Oakland,California,No,716
66245bfa4fcca39ab683d2e6337ea2df,Paris,other,No,539
3985c3cf3f76be1d1efa21977394988f,Los Angeles,California,No,245
122c9a5601d7425638602ab696a402f2,Chicago,Illinois,Yes,937
1223b5135496f63cdc1110c1080aadfb,Austin,Texas,No,229
ef7ddc76b92da22b21df306f8a0b3c33,Tallahassee,Florida,No,813
30beb45f683514f2ceb81f9d7914c120,Sacramento,California,No,443
baa4b71add2467ac778eedb3693dffbc,Sacramento,California,No,110
56dc8907ba6c34ab6712303a0f844fef,Miami,Florida,Yes,204
6c006f6123e2fcb472d8567d894a05e4,San Jose,California,Yes,955
dc815fe7ceda8bbb71710434134c6c92,Miami,Florida,Yes,563
17e011b7f810238303c72ba8d605e770,Raleigh,North Carolina,Yes,507
66aa9385dd59ba7136b824817b3a4e3e,Raleigh,North Carolina,No,409
c8fe3ccdc8b8d9c6ed3049cf43e458fc,Buffalo,New York,No,758
a97065e18e46d534c88a618efed4057d,Evanston,Illinois,Yes,232
bc594585944528c00ef8c2d6f7fd5646,El Paso,Texas,No,061
eb5cf46780bacd647a0ecfea958ca9ba,Tampa,Florida,Yes,530
118a9d292f923996d9f195d014822f53,El Paso,Texas,No,423
91d63f78e3e9de99f10c718b1eb0e38a,Oakland,California,Yes,093
90b2b633956b8c0ca8499b926b5252e3,Austin,Texas,Yes,743
655238a643ff50113d1a85dd506e5a9a,Sacramento,California,No,333
12922f83ef8c485bc07a30f2edd4253b,Oakland,California,No,112
8181a8cc369147eb89a2688b12c136e0,San Diego,California,No,910
286218b848f4ef125e9953d23e896c64,Rochester,New York,No,636
a76afde6ce9e1a11fcbb4e59fbddcf7c,El Paso,Texas,No,316
f05db76e1a84a51aa9d3d7c7ee87905e,Orlando,Florida,Yes,119
45b89cd927cb6f2a8da01097be0f051b,San Francisco,California,No,218
439472e6da587e8aa25d6b29afffcfd2,Austin,Texas,No,876
6c6f7633a260772317a0df490d01280f,Miami,Florida,Yes,799
430f801dfad409e2a319dcb4217d65a0,San Jose,California,No,447
13432e611ca3c4480279b6a68f9797b0,Raleigh,North Carolina,No,864
25e979778d7248e2951f58d05e84f058,New York,New York,No,930
dc570131f8e1daa7cbceabdeeededb07,San Diego,California,Yes,265
c7b5b2bc5a8aaeca1a50aec3aabc25fa,San Antonio,Texas,No,777
3c9ad14cee0caeb5ecfedb992790cebd,Tampa,Florida,No,035
550a1b46ecab3301bc8f7d292dea9493,Naperville,Illinois,No,894
444d610b3f87e362cf8d446abc2cbb0d,Sacramento,California,Yes,903
38f16a81787f2425dbccc47709e9db0a,San Jose,California,No,850
391184973a43b2badf0f06cbcb9bc326,San Francisco,California,No,295
c5f8bc16f7860b5011c58ef0dd463c09,Sacramento,California,No,705
54c63cd889456f27d7fa2d8dfb2ca025,Charlotte,North Carolina,No,277
fbc9f87af668a61794a1875d2db69edb,Los Angeles,California,No,363
6fb78271504d281fc9535b63ba81edd9,Fort Worth,Texas,Yes,931
0b5cea6a41357e8c30a900ad939b462d,Chicago,Illinois,No,835
f0b5156bb82c9074afd5dea589d7fd6c,Evanston,Illinois,No,081
5487fd4febb7a385aa0b7b14f2e9702d,El Paso,Texas,No,747
4f2d479681d2c7de4ce1eb90e6697833,Aurora,Illinois,No,312
6ba25efe311c6eb62095eef68dedf9fb,Naperville,Illinois,No,934
4d0b0d1a91b0e1d99d9262af2c8d0e44,New York,New York,No,225
9b4e2c249479e1e6c9277d9b6e0d2648,Naperville,Illinois,No,701
cb323e357922bac282dc4c8e36b5229a,Raleigh,North Carolina,No,300
9e87e04ca2086977a9f2533683f4a9a9,Brooklyn,New York,No,240
0640be0f25b8fd4b32fa2de8ce7ae7f6,San Jose,California,No,796
e2d9de5d6a18ce4c7496276412a4def0,Dallas,Texas,No,403
25c73c443e75c3b4664fa6637e8f8095,Chicago,Illinois,No,891
c7468f591b494e15e2add909c521bf2d,Brooklyn,New York,No,722
8eb225790cdb1ca476ecbdd68498e113,Los Angeles,California,No,830
fce6850487f8424daae65fc176f2dbfe,Austin,Texas,No,922
b8225688d0a444329cd6c852714c7df4,Jacksonville,Florida,No,571
be6033f728be9288e5af6e39722764e6,Jacksonville,Florida,No,263
c40c5d9146fde062a33dc7afd701410d,Naperville,Illinois,No,291
49257af1b6aae05b13d5f2f7709b7d97,San Diego,California,No,563
3b33f3d8269cd696236c7b8714a0bccb,Brooklyn,New York,No,075
8ae8905b54b4a48268586eba6a34c854,New York,New York,Yes,440
95863a76c51155ffe7a37e8163b4c08b,Charlotte,North Carolina,No,793
018267c47a1b58066160a6b49360715f,Greensboro,North Carolina,No,883
6b44fa8dd5f25073f41402b1e4429ebb,El Paso,Texas,No,627
382c043f7cfc9b793875394ce5d6f6e6,San Jose,California,Yes,354
67814c1fcc530e36addc3e13ab3b4d37,Naperville,Illinois,No,647
64de82e6e82c7d7b06e745f988bc539c,El Paso,Texas,Yes,668
7631de9ddde9f86322bd33886db99102,San Diego,California,No,226
c2dff33556666f9f53ac2ab974672cd9,Orlando,Florida,No,861
14f7ce8dd5bcb8d04094dded6bebac31,Queens,New York,No,984
1190f938a66fd7f739669fa759970043,Chicago,Illinois,No,982
05379ff6d6d7b3b833094d353f4df561,Dallas,Texas,Yes,695
37cc863bf2a0345990604f621d48a071,Bronx,New York,No,181
bf780e3ff6b751f79b7492459b1bc895,Evanston,Illinois,No,120
4fdc6e1bedcb8cb60692dc639424aed5,San Antonio,Texas,No,742
b0cc1b3b9793b9b41374814632c5bd89,Tampa,Florida,Yes,801
99b49350af2b99b4d9acd1584d3485c5,Tallahassee,Florida,No,365
5eddbbbfa95976636daa2e688861fe18,Sacramento,California,No,879
1b0498637d7ddbedd284476c6b88f83d,Bronx,New York,No,858
6f7c15ea272a6d8eb5122df875b17a55,Oakland,California,No,286
89c5b31aeb6c1016cee624d09dac6e83,Naperville,Illinois,No,758
da09dfa052828d8044b591f797ac6aa8,Los Angeles,California,No,471
91e1aa9676f72255c01f36bf3e6dd58b,San Antonio,Texas,No,516
7cd0129d2e8d0e87533420e6d9d80b8d,San Diego,California,No,911
46b98991e14eb70db380c73a989d9d4a,Fort Worth,Texas,No,097
7d137018680bac63b856d0353dc98290,Dallas,Texas,No,671
cafda61372bb912d7da67785b63b4dc3,San Diego,California,Yes,718
94e0d3baa9f948b24e6384bb3e493f43,Rochester,New York,No,445
54aebd1b8ce6424dbef59fe6ff233d5f,Buffalo,New York,No,267
314d3441b8a6171f1ee34dc43b048a8b,Queens,New York,No,790
3764fbda3108d4482f65fafab0ae8f08,Aurora,Illinois,No,788
fb02bebb48729a4d98c7472a864e9a13,San Francisco,California,No,379
b540b30e039f3a254d6168bd2defe193,Austin,Texas,Yes,065
f1afdb65b289f2244ac9778d8da8eee4,San Jose,California,Yes,022
7a8d03aa782a65e048ca765192f5df7b,Brooklyn,New York,No,268
1d34d08e7a4c75d4dc99e04cf0e98b3b,Jacksonville,Florida,No,600
26d794d30db95301afbb411aa1235a8c,Oakland,California,No,097
8edddfcd1e52d7703f897142fe716b14,Rockford,Illinois,No,643
6160745985c7504bc693da1139c6a1ca,Buffalo,New York,No,612
9191b3634e2d66456dc7cac7fd72b050,Fort Worth,Texas,No,111
a021c0ca3531968dc342bd2bf295456e,Sacramento,California,Yes,255
2812859a1337739e8d4f5d272c7f0b79,San Jose,California,No,491
49c13de73b4206c5085b15fb4a8ff810,Naperville,Illinois,Yes,249
ca8f3653c9af18f843b9da13ec856f37,El Paso,Texas,No,212
398d1ca68b6870b51d61fac36cd5e859,Austin,Texas,No,083
4ebfa5c3cae9b4a72a79ea680f44704f,Fort Worth,Texas,No,459
4dd8eb85b04d337677fc97031fd5a423,Aurora,Illinois,No,515
0a3450fc9918ee461497d6587010f719,Orlando,Florida,No,036
ac9ed156f63fce413a9aca5e176132ed,Tallahassee,Florida,No,031
d248a9a7ac1aa554c3c75611ffe3fa49,Los Angeles,California,No,189
7135f221a6c9537f84dad06a7872bdeb,Raleigh,North Carolina,No,456
f81401027de1bdfed0725b5ca2814044,San Diego,California,No,338
292bd156db9465701ac70ec0ab8ddeb4,Queens,New York,No,688
c2b01cfdd045dd1c668409e3f1f8343e,San Antonio,Texas,Yes,268
c5c5b37af85e06a11dad09b252c21221,Rochester,New York,No,011
764414fd8ae769edde8ede0ba85c6e4a,Brooklyn,New York,No,647
71299889a01ac9927f9d3e64c1a6423b,Evanston,Illinois,No,144
e17f29e17028604649bc473fed7bf656,Chicago,Illinois,Yes,655
b5b453ca3d42993ccc9fd3349bdf0377,Oakland,California,Yes,427
d7665cdafe0490593985fb6217dc8eff,Durham,North Carolina,No,673
eec259dc7f95897c276aa6ced50755d9,Rockford,Illinois,No,435
78e3654bfaf14ff07b85179ad5b077e0,Oakland,California,Yes,205
bf0d073d821c13369970cf60ebff8d15,Miami,Florida,No,818
ef2ae713570210496a39aaa6dabac50d,Aurora,Illinois,No,299
96418cedd664d2644c6e27ffb9de7a3a,El Paso,Texas,No,162
585a0afa7bfdcc1289e06ab37250ee18,Rochester,New York,No,965
fb140bc3304b8590de9e37575260001e,Rockford,Illinois,No,886
517400f80b2c782a69288e92c68a152f,Naperville,Illinois,No,689
fb16e5dba6eab79ed21c82f8cada4f80,Los Angeles,California,Yes,998
19b17e80dea4ae1754fd9ad39716108e,Jacksonville,Florida,Yes,942
24e75e8eb8f2142303edd1f874f93d17,Queens,New York,No,086
43d88870f81dbaa1c8120a8e78308930,Queens,New York,No,092
aca2b148da330aa1541cdfcdda0d4a5f,Jacksonville,Florida,No,651
7cea2045c268283ee32f2e63b7fddd71,Miami,Florida,No,250
4991ab9bebc2026faf34cf65a193c4b2,London,other,No,110
df615a5cb4323070a23d4c2fc2a79689,San Francisco,California,No,935
cbd00ef2530a37df0bc610660769165f,San Diego,California,No,159
90e0a95b697c392387fa841a3e83b91f,Evanston,Illinois,Yes,090
9ea556aa61ee6c5bdeef580f9c07a751,Naperville,Illinois,No,156
4104a8b5a34db7c5760debbb3b70b3a1,Queens,New York,Yes,833
ad77e82f49a23a89e6b5a92c771ad655,Houston,Texas,No,363
a3917c994c955f6a966b1964fcd6bdca,Paris,other,No,319
da743152627b41a1ffd6f23232ffe294,Brooklyn,New York,No,377
b303f438fe2110d04bbe4aff9326dffd,Sacramento,California,No,018
c73f6e1baf908e3cdd750e9890e0b95f,Chicago,Illinois,No,773
e726be23e776b886d534ee1d7f2984f5,San Francisco,California,No,370
9ef2b93e30ac7d7ba2f963a33810ae66,Sacramento,California,No,707
18dfbc3ca0d4de3d2303f6c6d69d42f1,Charlotte,North Carolina,No,461
bb7bee035d678bb1945ef2e4088a93ec,San Diego,California,No,435
c958e75e21d53971336749b52cf6bf75,Austin,Texas,No,945
41c8ca8c2a1f955ad499da9945c45a3e,Durham,North Carolina,No,312
cde22f1c56b60afcded255d0bf1e8366,Los Angeles,California,Yes,999
b966442aad238d36dc322c9739c1e262,Naperville,Illinois,No,833
ca6a2224171e16cc5da36f1b8eac0a33,Bronx,New York,No,475
ac1e86d8bfbf397bac3e7b0d5e5ba13d,San Jose,California,No,972
3bdbc09eacc216a01bbc91f75f18e583,Rochester,New York,No,584
38ab854c9c2e58deea4e361753f8382b,El Paso,Texas,No,941
688613dba6348e784d5c55c7b379cb1e,Los Angeles,California,No,321
18e193311dba12677e1ca5a1fef518a6,Oakland,California,Yes,474
be3e6e57f30a9e32aba4fc035efa9c5b,Rockford,Illinois,No,770
6a35df59e2aa7a5d278ed00dba0266ef,Naperville,Illinois,No,971
b0b63bcf08601833479d0cdaf396ea37,Buffalo,New York,No,251
fb1e143b196f4dfa5cd8fe1adafec8a9,Rockford,Illinois,No,670
46a02a9b65ec7acd0f8035f55bd20c98,Los Angeles,California,No,853
364c911aa9ab364a1777e8cb74685b98,Fort Worth,Texas,No,061
fd235def3e5a87e35560db22c96b5edb,Oakland,California,Yes,859
961d33ba350843f08de08fc2c3e15a85,San Francisco,California,No,161
00b9d4a3989240ace68933a9c9e48e8c,San Francisco,California,No,563
1c24220e2cabd7e7cc6b66e5402adf9c,Chicago,Illinois,Yes,376
96bf10ab3ce915e7c9d6a63bca3c6f5f,Brooklyn,New York,No,139
SYN-DONOR-d2ecd64f3e174b2e,Rockford,Illinois,Yes,643
SYN-DONOR-51e61040dd89445a,Chicago,Illinois,No,655
SYN-DONOR-dd152f639fed439a,Austin,Texas,Yes,922
SYN-DONOR-c33d28cd49f54bba,Houston,Texas,Yes,559
SYN-DONOR-90a2e34723644943,El Paso,Texas,No,423
SYN-DONOR-0179bb7fdeb14d13,Queens,New York,No,092
SYN-DONOR-60897b7112fa4b7f,Buffalo,New York,No,251
SYN-DONOR-4d91ccc56db443b2,Queens,New York,No,833
SYN-DONOR-0fe03c23a8a44ee4,Sacramento,California,No,879
SYN-DONOR-33b5b5084dec40dc,San Francisco,California,No,935
SYN-DONOR-5d185991ddbb4d25,Raleigh,North Carolina,Yes,456
SYN-DONOR-d0ff7004e3ce4bc9,Fort Worth,Texas,No,234
SYN-DONOR-4321301490bf41dc,Rockford,Illinois,No,643
SYN-DONOR-05cf3f0855b040f4,San Francisco,California,No,218
SYN-DONOR-80270f8650fa4bea,Sacramento,California,No,110
SYN-DONOR-0b047e79514c4cad,San Francisco,California,No,563
SYN-DONOR-98eecf18d2c44100,Naperville,Illinois,No,156
SYN-DONOR-881eb32d18f74586,Sacramento,California,No,903
SYN-DONOR-63ebd07623774807,San Francisco,California,No,370
SYN-DONOR-89695b0ed1c44b0c,Naperville,Illinois,No,833
SYN-DONOR-f13bace50dbf417f,San Antonio,Texas,No,516
SYN-DONOR-84681bb615d6440e,San Jose,California,Yes,796
SYN-DONOR-375d39417e314aad,London,other,Yes,127
SYN-DONOR-eb6e0efadb5942cb,Orlando,Florida,No,529
SYN-DONOR-557709e98b314bb2,Los Angeles,California,No,420
SYN-DONOR-f91bc721f87d49ba,Fort Worth,Texas,No,061
SYN-DONOR-1f55758df7924476,Aurora,Illinois,No,515
SYN-DONOR-30bbfaa0fdeb4b62,Rockford,Illinois,No,954
SYN-DONOR-0c350199097e4db2,San Francisco,California,No,370
SYN-DONOR-5b014c1c327e4861,Naperville,Illinois,No,833
SYN-DONOR-f4dc686337934dac,San Francisco,California,Yes,379
SYN-DONOR-1cf51746b60d4c95,Rochester,New York,No,965
SYN-DONOR-63ec31a6315b4774,Houston,Texas,No,173
SYN-DONOR-ea5445ecc7024877,Tampa,Florida,Yes,035
SYN-DONOR-1eba4b18b4ca4df0,New York,New York,No,620
SYN-DONOR-e531c473ed6d40f5,Aurora,Illinois,Yes,299
SYN-DONOR-40de8602656c4b72,San Francisco,California,No,218
SYN-DONOR-347af758802349f0,Sacramento,California,No,879
SYN-DONOR-7b7b5b3eea7e4b1a,Brooklyn,New York,No,139
SYN-DONOR-6934d6e0286f40d0,New York,New York,Yes,590
SYN-DONOR-42d74cb6c9bf49b0,Austin,Texas,Yes,743
SYN-DONOR-e78dfeb43c0b491d,Oakland,California,No,093
SYN-DONOR-cd382e9ba95540a7,Sacramento,California,No,333
SYN-DONOR-ee6d4069d1fc47c1,Los Angeles,California,No,321
SYN-DONOR-25e278008aa64bbe,Queens,New York,Yes,092
SYN-DONOR-4a49e261a9ae43fb,Austin,Texas,No,922
SYN-DONOR-3ae08d30188841b6,San Francisco,California,Yes,161
SYN-DONOR-44a9cf8abd614fbc,Brooklyn,New York,No,377
SYN-DONOR-13bf8ac29b324213,Austin,Texas,No,922
SYN-DONOR-e88b40217aea4ca7,San Diego,California,No,563
SYN-DONOR-9d0e54d7f6e64e66,Brooklyn,New York,No,139
SYN-DONOR-1d01d66e3bfb42ec,Queens,New York,Yes,833
SYN-DONOR-32bd577c3abf47db,Dallas,Texas,Yes,403
SYN-DONOR-0c87e3cbe4464c56,San Francisco,California,No,218
SYN-DONOR-ebba08cee4004504,Buffalo,New York,No,251
SYN-DONOR-60ae677c376d4603,Chicago,Illinois,No,937
SYN-DONOR-8d5145e29c894d0c,Bronx,New York,No,858
SYN-DONOR-1ba15600b1ca4c34,Chicago,Illinois,No,982
SYN-DONOR-2ba77ecdcddc4ca9,New York,New York,Yes,166
SYN-DONOR-4238593d37e648b0,Sacramento,California,Yes,333
SYN-DONOR-6ee2ef57b4d741b3,Buffalo,New York,No,267
SYN-DONOR-a1a6e2206ef34d1b,San Antonio,Texas,No,742
SYN-DONOR-4718b18af0e340b4,Sacramento,California,No,333
SYN-DONOR-c93ed4c2ed044f2e,Sacramento,California,No,903
SYN-DONOR-e1ab55f2214248ac,Brooklyn,New York,No,139
SYN-DONOR-6edaf2e81fa842b5,San Francisco,California,No,218
SYN-DONOR-29d8da94f88a4e42,Aurora,Illinois,Yes,312
SYN-DONOR-1b99a6161aa14639,Austin,Texas,No,065
SYN-DONOR-debd42118c7b438e,Miami,Florida,No,250
SYN-DONOR-32f222cf876747f4,Rochester,New York,Yes,550
SYN-DONOR-009c90ee181e46a3,Austin,Texas,No,876
SYN-DONOR-cdfa21c4f7da4db5,Oakland,California,No,097
SYN-DONOR-68befd6019804cca,Queens,New York,Yes,833
SYN-DONOR-0a05ba9d2fe94fb9,San Francisco,California,No,114
SYN-DONOR-5ab1b92d89064226,Oakland,California,No,427
SYN-DONOR-034d8a25c2db460c,Fort Worth,Texas,No,234
SYN-DONOR-c5fa96df53c9433f,San Diego,California,No,159
SYN-DONOR-a41ddc3fe2044637,Tampa,Florida,No,035
SYN-DONOR-85a263925e1a4185,Austin,Texas,Yes,945
SYN-DONOR-73d3030a417b45fc,Rockford,Illinois,No,886
SYN-DONOR-5bf263cfce5c4565,Chicago,Illinois,No,937
SYN-DONOR-73b769f439d54c5c,Jacksonville,Florida,No,651
SYN-DONOR-ab0ed3d6d1714969,Sacramento,California,No,705
SYN-DONOR-7400076975f64b5d,Jacksonville,Florida,No,651
SYN-DONOR-8d4bd4558b3e4c2d,Chicago,Illinois,No,773
SYN-DONOR-69f3c2f045db4378,Greensboro,North Carolina,No,883
SYN-DONOR-0c2b77e57a24481f,San Diego,California,Yes,399
SYN-DONOR-9ada026f50ec44a2,Los Angeles,California,No,853
SYN-DONOR-03b807bc22d9479e,San Francisco,California,No,161
SYN-DONOR-83732fcb5b144df5,Fort Worth,Texas,Yes,061
SYN-DONOR-a66c512a2295471b,Orlando,Florida,No,529
SYN-DONOR-7779cc5e9b89456d,San Francisco,California,No,379
SYN-DONOR-71cfeb97733d492a,Rochester,New York,No,636
SYN-DONOR-f7dc0036bc714fd4,Sacramento,California,No,879
SYN-DONOR-666b1e3006324995,El Paso,Texas,Yes,747
SYN-DONOR-968de3b2fe5d42d9,Naperville,Illinois,No,894
SYN-DONOR-9482b13973c34227,Tampa,Florida,No,035
SYN-DONOR-c31939eeb0ee423e,New York,New York,No,555
SYN-DONOR-453173c4f9c749f4,Durham,North Carolina,No,312
SYN-DONOR-179c9ba907014d38,San Francisco,California,No,114
SYN-DONOR-71dbd5cc9ca147dc,Sacramento,California,No,255
SYN-DONOR-337cc880b5c343ac,San Jose,California,No,354
SYN-DONOR-25131a5b6b6945cc,New York,New York,No,166
SYN-DONOR-fa99dfcce20b49b6,Miami,Florida,No,250
SYN-DONOR-4ef8c1374f9a4f75,Raleigh,North Carolina,Yes,409
SYN-DONOR-8f9db661376a4dec,Queens,New York,Yes,833
SYN-DONOR-837a6eaa096f4815,Raleigh,North Carolina,No,507
SYN-DONOR-0c4781f482944b21,San Jose,California,Yes,491
SYN-DONOR-110c91288d24435c,Orlando,Florida,No,529
SYN-DONOR-333f5f0a7d334e16,Evanston,Illinois,Yes,120
SYN-DONOR-a1092429902d4a83,Charlotte,North Carolina,No,793
SYN-DONOR-c5aebd0bbc3840fb,Queens,New York,No,790
SYN-DONOR-3c47418c88454c7d,San Antonio,Texas,No,268
SYN-DONOR-adb7ad64840240af,Austin,Texas,No,945
SYN-DONOR-04b6e0d5f4854f20,San Diego,California,No,910
SYN-DONOR-0767cb1b0d0e424f,Jacksonville,Florida,No,600
SYN-DONOR-53e43e14654840f0,Austin,Texas,No,876
SYN-DONOR-310216c4c8084704,Austin,Texas,No,743
SYN-DONOR-927b4e62f9444e9a,Chicago,Illinois,No,891
SYN-DONOR-96860165ee4d4b1f,Austin,Texas,No,922
SYN-DONOR-8d7bf044cd564e77,Paris,other,No,319
SYN-DONOR-b8ad612adeb444a3,Naperville,Illinois,Yes,701
SYN-DONOR-1693a4fa43484fda,Houston,Texas,No,363
SYN-DONOR-caa2b090e6fc4ba5,Oakland,California,No,286
SYN-DONOR-75be3f95b9e9472c,Naperville,Illinois,Yes,291
SYN-DONOR-ea9c082913604333,Dallas,Texas,Yes,403
SYN-DONOR-0c607305826a4eec,Brooklyn,New York,Yes,268
SYN-DONOR-dbbdd370c041486a,Houston,Texas,No,559
SYN-DONOR-e2785fbb5d384906,Dallas,Texas,No,260
SYN-DONOR-d0a7a973ceb34b87,Miami,Florida,No,818
SYN-DONOR-27281ec748b345b8,Rochester,New York,Yes,636
SYN-DONOR-4ad413f02b484ee1,Brooklyn,New York,No,139
SYN-DONOR-94299132ce0d4caa,Sacramento,California,No,255
SYN-DONOR-a96939f68a004c30,San Diego,California,Yes,399
SYN-DONOR-de918ae3fb514693,San Antonio,Texas,Yes,516
SYN-DONOR-92cc8748db56405a,Sacramento,California,No,443
SYN-DONOR-5247565ffccd42aa,Miami,Florida,No,250
SYN-DONOR-488cc68f9dd94672,Naperville,Illinois,No,894
SYN-DONOR-4e158f4012ac4f4d,San Antonio,Texas,Yes,268
SYN-DONOR-21da323d1a814821,Paris,other,No,790
SYN-DONOR-e5a0c58f06f949c6,Houston,Texas,No,363
SYN-DONOR-66616b9546ea4057,Rockford,Illinois,No,886
SYN-DONOR-92b151b5d61446ca,Dallas,Texas,No,695
SYN-DONOR-3b4203064d86432f,Orlando,Florida,No,529
SYN-DONOR-17ab1c872e524106,San Diego,California,No,338
SYN-DONOR-bddcaede74be47e0,Austin,Texas,No,876
SYN-DONOR-ddf34a6dd93f475f,Naperville,Illinois,No,291
SYN-DONOR-01e5b99254d74d82,San Diego,California,Yes,159
SYN-DONOR-80389901a7ef4440,Greensboro,North Carolina,No,883
SYN-DONOR-0f3dcb1a01284cc5,Houston,Texas,Yes,363
SYN-DONOR-ec8f06ede946484d,Los Angeles,California,No,363
SYN-DONOR-d6f3c03c18ae4071,San Francisco,California,No,728
SYN-DONOR-72a904480059429c,San Diego,California,No,226
SYN-DONOR-551cb5590e85418f,Orlando,Florida,No,861
SYN-DONOR-a4c5b6b51dac4050,Tallahassee,Florida,No,031
SYN-DONOR-d332f90b4bd1478c,Tallahassee,Florida,No,365
SYN-DONOR-6e62ca4ed22a4de7,Raleigh,North Carolina,No,456
SYN-DONOR-2d65bf0aaa82489b,Raleigh,North Carolina,Yes,507
SYN-DONOR-2b2f665cae4a4e7f,Miami,Florida,Yes,563
SYN-DONOR-79f9f855e61b4fb3,Oakland,California,No,859
SYN-DONOR-c86407b2f077411a,Raleigh,North Carolina,Yes,507
SYN-DONOR-1df8e7d4ec8e4778,Tallahassee,Florida,No,365
SYN-DONOR-5161945cb640438a,Los Angeles,California,Yes,189
SYN-DONOR-85333def9a3e4860,Chicago,Illinois,No,773
SYN-DONOR-d11576e5790a4a08,San Jose,California,Yes,955
SYN-DONOR-8ca08ad8ae864c45,London,other,No,110
SYN-DONOR-71bc32bda44e4337,Bronx,New York,No,772
SYN-DONOR-1ba9407792e94403,San Antonio,Texas,No,516
SYN-DONOR-81e3121116974952,Miami,Florida,No,818
SYN-DONOR-09ee3a4e5c0e489e,San Antonio,Texas,No,742
SYN-DONOR-5f5845a701ba400f,Chicago,Illinois,No,376
SYN-DONOR-fce4b5e36b07436a,Oakland,California,No,427
SYN-DONOR-4bc538bfffb54add,Naperville,Illinois,Yes,249
SYN-DONOR-b0883eaf1be04ba8,San Francisco,California,No,114
SYN-DONOR-edbf970df7b04f7d,Austin,Texas,No,743
SYN-DONOR-00a542ff089f4333,Orlando,Florida,No,036
SYN-DONOR-32bd6a4dcb53428f,Naperville,Illinois,No,249
SYN-DONOR-e52185ae5ca0483a,Fort Worth,Texas,No,111
SYN-DONOR-999b6d3d31f84d20,Sacramento,California,No,443
SYN-DONOR-861a79e1d99448f9,Raleigh,North Carolina,Yes,864
SYN-DONOR-ac44de567c7049c9,Oakland,California,No,474
SYN-DONOR-b4cf36f7163a4179,Los Angeles,California,No,243
SYN-DONOR-f69bd0c5d6c440c2,London,other,No,127
SYN-DONOR-adaa2ba456a54d70,Evanston,Illinois,No,090
SYN-DONOR-fdb3ef6d89d344ee,Austin,Texas,No,083
SYN-DONOR-971ee4d5528c4cdc,San Jose,California,No,354
SYN-DONOR-f77347bffac74541,Rochester,New York,No,445
SYN-DONOR-9d79bca228464c1b,Fort Worth,Texas,No,931
SYN-DONOR-26b277cac7dd4372,San Francisco,California,No,295
SYN-DONOR-85938452b5f6400d,Jacksonville,Florida,No,651
SYN-DONOR-535e9bff1388463d,San Jose,California,No,850
SYN-DONOR-964a5c5c51b347a9,San Francisco,California,No,563
SYN-DONOR-1e899270402846c1,Miami,Florida,No,563
SYN-DONOR-5f279487b3e44416,Oakland,California,Yes,205
SYN-DONOR-4ca10c834c8d4ecf,Naperville,Illinois,No,291
SYN-DONOR-4e6cdf593cb24104,San Francisco,California,No,379
SYN-DONOR-05c1b86e10d04adc,Naperville,Illinois,Yes,758
SYN-DONOR-775771b19c524701,Greensboro,North Carolina,Yes,883
SYN-DONOR-fba8c17e71ec4ef2,San Antonio,Texas,No,268
SYN-DONOR-2229b59a0aba4021,San Francisco,California,No,161
SYN-DONOR-db06de2467c94e28,San Jose,California,No,972
SYN-DONOR-1968be4dcfec47c7,Miami,Florida,No,799
SYN-DONOR-71863f99f24f4e84,Dallas,Texas,No,695
SYN-DONOR-98db51fac9a7400f,Rochester,New York,No,445
SYN-DONOR-a2030ed52ce049d3,Sacramento,California,No,879
SYN-DONOR-f6a5eed8045d4d4d,Charlotte,North Carolina,No,793
SYN-DONOR-da26b7ef188e4733,Fort Worth,Texas,No,097
SYN-DONOR-5125f8c147d449a1,Oakland,California,No,427
SYN-DONOR-26543d6713b34cdf,Naperville,Illinois,No,249
SYN-DONOR-7cfdaee2682a4368,Los Angeles,California,No,243
SYN-DONOR-eac3f35cb4374897,Chicago,Illinois,No,773
SYN-DONOR-98d88dfbca81470a,Rochester,New York,No,011
SYN-DONOR-ea120256e21c4d52,El Paso,Texas,No,627
SYN-DONOR-1a792629954e474c,Fort Worth,Texas,No,111
SYN-DONOR-c46491b284d24a98,Naperville,Illinois,No,701
SYN-DONOR-61042651a7c44832,Chicago,Illinois,Yes,773
SYN-DONOR-50a344d72651454a,San Jose,California,No,972
SYN-DONOR-7055cf0c1be54d35,Sacramento,California,No,310
SYN-DONOR-31b37cda12854998,Tallahassee,Florida,No,031
SYN-DONOR-3534747266e54349,New York,New York,No,930
SYN-DONOR-1a8dc472f7604d54,San Diego,California,No,911
SYN-DONOR-9f2949679bc94de8,Chicago,Illinois,No,773
SYN-DONOR-7d986b538bc84d7b,Paris,other,No,539
SYN-DONOR-d848d895395848e7,Rochester,New York,No,636
SYN-DONOR-f35feb254b08415a,Durham,North Carolina,No,312
SYN-DONOR-835ad65f1df84256,Fort Worth,Texas,No,931
SYN-DONOR-f540ffa97e1a4f1b,Rochester,New York,No,636
SYN-DONOR-c74e8d6304b04349,El Paso,Texas,No,668
SYN-DONOR-f7a8c8551b2c49d8,Chicago,Illinois,No,376
SYN-DONOR-e705f1e1ff6a43f1,Austin,Texas,No,876
SYN-DONOR-fea72f637597412d,Brooklyn,New York,No,728
SYN-DONOR-24e8b86df2f740c1,Raleigh,North Carolina,No,864
SYN-DONOR-afea15514c15437a,Rockford,Illinois,No,643
SYN-DONOR-553d0c2e77f943ad,San Jose,California,No,491
SYN-DONOR-392cc8d753ef477f,Fort Worth,Texas,No,111
SYN-DONOR-634c0c87e9ee46d0,Evanston,Illinois,Yes,144
SYN-DONOR-26d2f95842744e96,Miami,Florida,Yes,204
SYN-DONOR-4b282d783f374b16,Tallahassee,Florida,No,365
SYN-DONOR-24422ae2f0964d72,London,other,No,110
SYN-DONOR-1a75798039cf4e3d,Queens,New York,No,092
SYN-DONOR-074c4cda5a4c46cb,Rockford,Illinois,Yes,670
SYN-DONOR-9853b2227b70417a,Rochester,New York,No,011
SYN-DONOR-8ebbf80b33294556,Aurora,Illinois,No,312
SYN-DONOR-12be30657a444f46,New York,New York,No,440
SYN-DONOR-c4025f8ea3894bc7,London,other,No,110
SYN-DONOR-774a71dbf6c043db,Orlando,Florida,No,529
SYN-DONOR-d279808ab1b24d91,San Antonio,Texas,No,516
SYN-DONOR-a9b5708d327648c4,London,other,No,110
SYN-DONOR-86c2db9efe1c47e9,San Antonio,Texas,No,777
SYN-DONOR-77cf2a2a4cd643b9,San Antonio,Texas,No,777
SYN-DONOR-34a042d6353a424c,Oakland,California,No,716
SYN-DONOR-df8d42bdf866439e,Rockford,Illinois,No,770
SYN-DONOR-0d1ebf0f28004bce,Brooklyn,New York,Yes,722
SYN-DONOR-1ce332c0fe694f55,Naperville,Illinois,Yes,971
SYN-DONOR-d6a2e8512219415c,Naperville,Illinois,No,971
SYN-DONOR-0cf1b7ccc5284712,Bronx,New York,No,858
SYN-DONOR-1341e1b43794474b,Miami,Florida,Yes,563
SYN-DONOR-9fb40346241b46f7,Naperville,Illinois,No,249
SYN-DONOR-220f0bd3d2814d94,Naperville,Illinois,No,689
SYN-DONOR-275bac7819b14c66,Greensboro,North Carolina,No,521
SYN-DONOR-418e3f30103948fc,Sacramento,California,No,018
SYN-DONOR-28933fbbe75d44ae,San Francisco,California,No,114
SYN-DONOR-51ddbc6670204683,Rochester,New York,Yes,636
SYN-DONOR-895c87fdb6044969,San Francisco,California,No,728
SYN-DONOR-ca3731eabca741da,Sacramento,California,Yes,110
SYN-DONOR-57c02332ac00411b,Durham,North Carolina,No,673
SYN-DONOR-ea669b8a6d99461e,Orlando,Florida,No,529
SYN-DONOR-f3006fbfe9ec4e96,Rockford,Illinois,No,886
SYN-DONOR-18f1e16122904e32,Rockford,Illinois,Yes,670
SYN-DONOR-410a5c185cdf4630,Orlando,Florida,No,036
SYN-DONOR-8e6ff9e65ecb4e62,New York,New York,No,166
SYN-DONOR-dfea9c60ec5e433b,Oakland,California,No,097
SYN-DONOR-c7fbe7e3497f44d7,Tallahassee,Florida,No,365
SYN-DONOR-5b873c56e0bf4240,Raleigh,North Carolina,No,456
SYN-DONOR-171c2a0ce72443df,Rochester,New York,Yes,011
SYN-DONOR-028a1c8d26c34ddb,Charlotte,North Carolina,No,277
SYN-DONOR-3f0bb02a74c848d4,Jacksonville,Florida,No,571
SYN-DONOR-9fa85819f89a43d6,San Jose,California,Yes,972
SYN-DONOR-15ab642c351b40e4,Sacramento,California,No,310
SYN-DONOR-c69e5738b25340a6,Rochester,New York,No,445
SYN-DONOR-7d305010eb63495d,Chicago,Illinois,No,835
SYN-DONOR-9c476b0d63794d9d,Rochester,New York,No,011
SYN-DONOR-0d828a17428e4b77,Dallas,Texas,Yes,671
SYN-DONOR-f7cef94b1fda49a8,Orlando,Florida,No,529
SYN-DONOR-ef9e9f6af592433c,Fort Worth,Texas,No,097
SYN-DONOR-8817f9d38c8a4edc,Miami,Florida,No,250
SYN-DONOR-c511db253bd4499f,Rochester,New York,No,584
SYN-DONOR-160fb78fccc44d3c,Raleigh,North Carolina,No,456
SYN-DONOR-7d79c3abedd440d9,Sacramento,California,No,018
SYN-DONOR-6b7a9ca4065b4046,Oakland,California,Yes,097
SYN-DONOR-891f65ab5f59453c,Los Angeles,California,No,830
SYN-DONOR-ef6f7ddbc5f442cd,Rochester,New York,No,965
SYN-DONOR-ba3a895b8cce47cf,Austin,Texas,No,229
SYN-DONOR-41ff94e616924818,Naperville,Illinois,No,249
SYN-DONOR-5e26cf887b5748f0,Rockford,Illinois,Yes,435
SYN-DONOR-b672bb3dfcf64b70,Fort Worth,Texas,No,459
SYN-DONOR-f36dabd9b02c4269,San Jose,California,No,796
SYN-DONOR-72a5a9a9d19a4c88,El Paso,Texas,Yes,061
SYN-DONOR-91912b0b359c4c95,San Jose,California,No,105
SYN-DONOR-9336c1b85d764635,Raleigh,North Carolina,No,456
SYN-DONOR-cb632f4df56744a0,Bronx,New York,No,772
SYN-DONOR-b2b619a5589f4fb8,San Jose,California,No,972
SYN-DONOR-1b2c051421564a27,San Diego,California,No,338
SYN-DONOR-337af8d381ea401f,San Jose,California,No,850
SYN-DONOR-918184072cb44765,Bronx,New York,Yes,475
SYN-DONOR-acf4749e111c4abc,Rochester,New York,No,445
SYN-DONOR-7749370e0bd54a6e,Charlotte,North Carolina,No,277
SYN-DONOR-c7e293222b6f45bd,Rockford,Illinois,No,954
SYN-DONOR-e37e7d7a3be14371,Brooklyn,New York,No,647
SYN-DONOR-3cee83ebd39f44ff,Los Angeles,California,Yes,245
SYN-DONOR-01b8777206df4a74,San Jose,California,Yes,491
SYN-DONOR-73b52bea45234a42,Rockford,Illinois,No,435
SYN-DONOR-e2a73017a78c4da4,San Antonio,Texas,No,516
SYN-DONOR-707b0ce1572e476d,Jacksonville,Florida,Yes,600
SYN-DONOR-6af88c2b373a4546,San Antonio,Texas,No,777
SYN-DONOR-2d413b96f1074311,Naperville,Illinois,No,894
SYN-DONOR-1b0b51528d4047ea,Fort Worth,Texas,No,234
SYN-DONOR-5edc26d490f14d7a,Dallas,Texas,No,695
SYN-DONOR-779ba3f39a514fea,Austin,Texas,No,945
SYN-DONOR-cd31dc369a9f44b1,San Jose,California,No,850
SYN-DONOR-324d92276afe438c,Paris,other,No,790
SYN-DONOR-3379f6a6bce14415,Los Angeles,California,No,363
SYN-DONOR-7acae6325c5e4e05,San Diego,California,No,910
SYN-DONOR-315acfd1976d480a,Austin,Texas,No,229
SYN-DONOR-9bcf4852188b4e19,Charlotte,North Carolina,No,277
SYN-DONOR-148ccbec633449c5,Greensboro,North Carolina,Yes,521
SYN-DONOR-edc2939c9a5d4136,Rochester,New York,No,011
SYN-DONOR-7f441d2341cb42de,Sacramento,California,No,705
SYN-DONOR-fb462afebe2e42e0,Los Angeles,California,No,853
SYN-DONOR-c188ccb14f1c4613,Los Angeles,California,No,321
SYN-DONOR-1be333be058045e5,Jacksonville,Florida,No,651
SYN-DONOR-61bf367ffc5043f9,Orlando,Florida,No,036
SYN-DONOR-dd24c246b0794758,El Paso,Texas,No,747
SYN-DONOR-339421b4f4ee422c,Rockford,Illinois,No,770
SYN-DONOR-529972f09a6b4bb2,Fort Worth,Texas,No,234
SYN-DONOR-cccc55819db54811,Evanston,Illinois,No,090
SYN-DONOR-7649a4fcc4cd40bc,Aurora,Illinois,Yes,299
SYN-DONOR-c8291421e3164d23,San Diego,California,No,159
SYN-DONOR-50253fe28c694f0c,Naperville,Illinois,No,291
SYN-DONOR-a4d49993a9d8421b,San Diego,California,No,563
SYN-DONOR-6cdec18b79574cf6,Tallahassee,Florida,No,365
SYN-DONOR-9736df8fbf7040e8,Evanston,Illinois,No,090
SYN-DONOR-ae1e0a36907744b0,Greensboro,North Carolina,No,883
SYN-DONOR-0c1248d79087485c,Los Angeles,California,No,853
SYN-DONOR-4d722201d2744b79,Rochester,New York,No,636
SYN-DONOR-5bb6c6a00b1f4b99,Paris,other,No,790
SYN-DONOR-4175f2f2cd5f4ba1,Houston,Texas,No,363
SYN-DONOR-bea3b0e816f54e43,Los Angeles,California,Yes,999
SYN-DONOR-33bd3862aea646e6,El Paso,Texas,No,423
SYN-DONOR-95f44f6d063e4967,Dallas,Texas,No,260
SYN-DONOR-b2c8a0f591924064,Naperville,Illinois,Yes,934
SYN-DONOR-44fa14a2371a402e,Fort Worth,Texas,No,111
SYN-DONOR-cd0680bd103b4167,San Francisco,California,No,935
SYN-DONOR-12cfb14b5df94943,Brooklyn,New York,Yes,075
SYN-DONOR-66576c93ed274f13,San Diego,California,No,159
SYN-DONOR-f0ceb2e58d09444f,Rockford,Illinois,No,954
SYN-DONOR-34da9327ceb24ba1,Los Angeles,California,No,830
SYN-DONOR-1d511b1b419b4b54,Los Angeles,California,No,999
SYN-DONOR-2024b8e413294bef,Oakland,California,Yes,112
SYN-DONOR-9e4f4f98c3bb440a,Oakland,California,No,112
SYN-DONOR-38c5928c08814eca,Fort Worth,Texas,Yes,061
SYN-DONOR-85c8375c7cbf4ed5,San Francisco,California,No,563
SYN-DONOR-697400f5b71d424f,Rockford,Illinois,No,643
SYN-DONOR-c16a35373ed143c5,Naperville,Illinois,No,689
SYN-DONOR-1f5a72115a9946a0,El Paso,Texas,No,162
SYN-DONOR-e9d856f4ed0d435e,Oakland,California,No,286
SYN-DONOR-8b54791426964ec4,Greensboro,North Carolina,No,883
SYN-DONOR-c1baddccbce446cc,Los Angeles,California,No,420
SYN-DONOR-fcb1b0835d1a4103,Miami,Florida,Yes,474
SYN-DONOR-7a62fe38686b468d,Evanston,Illinois,No,120
SYN-DONOR-fcae381ce16a496a,Rockford,Illinois,Yes,435
SYN-DONOR-48e29d0c1278496e,Sacramento,California,No,018
SYN-DONOR-9100d29e87f8430b,Charlotte,North Carolina,No,461
SYN-DONOR-17d59bbf34764e08,Fort Worth,Texas,No,061
SYN-DONOR-e5b319e3226e44aa,Evanston,Illinois,No,120
SYN-DONOR-a71ebf94c1464a6d,Aurora,Illinois,No,788
SYN-DONOR-8da0df8e4f8a49d2,New York,New York,No,166
SYN-DONOR-9677ec49cb3f4cc6,Jacksonville,Florida,No,571
SYN-DONOR-8cb66d5b03b54b8a,Chicago,Illinois,No,773
SYN-DONOR-f44143efda3e4a7e,San Francisco,California,No,161
SYN-DONOR-578541fb605a4eb1,El Paso,Texas,No,747
SYN-DONOR-27de0cc6170a4270,Paris,other,No,539
SYN-DONOR-8175b4d694f04787,Rockford,Illinois,Yes,886
SYN-DONOR-7cd3cd8b97184ec4,Aurora,Illinois,No,312
SYN-DONOR-f62bc6f5a20e4e9a,Fort Worth,Texas,No,459
SYN-DONOR-c939c541db53479d,Fort Worth,Texas,No,097
SYN-DONOR-62a7ea80cf264daf,San Diego,California,Yes,910
SYN-DONOR-d205c571b76140d3,Raleigh,North Carolina,No,300
SYN-DONOR-c1a59e9e93414de8,Brooklyn,New York,No,075
SYN-DONOR-1c1c2dfa57ee4e3c,Orlando,Florida,Yes,861
SYN-DONOR-2e3acbc6f0d14661,Austin,Texas,No,945
SYN-DONOR-b70bd41166e3469b,Queens,New York,No,833
SYN-DONOR-b0617a75a673484f,Bronx,New York,No,858
SYN-DONOR-abde866734cf48d1,Rochester,New York,No,584
SYN-DONOR-aa6ecb63d6074cc9,New York,New York,Yes,590
SYN-DONOR-eeda1f2553174267,Houston,Texas,No,559
SYN-DONOR-354425704c6347f4,Naperville,Illinois,No,758
SYN-DONOR-3c2e089d69de4aab,Brooklyn,New York,No,139
SYN-DONOR-e70edf3fa52449c3,London,other,Yes,110
SYN-DONOR-d49465d26fc041d2,Fort Worth,Texas,No,061
SYN-DONOR-d27fe33fcc274464,Los Angeles,California,No,363
SYN-DONOR-f1881187f5454569,San Jose,California,No,955
SYN-DONOR-7c82900184394a5a,Unknown,other,Yes,342
SYN-DONOR-dcf5169986714eae,Chicago,Illinois,Yes,937
SYN-DONOR-9f28a92396174d93,Fort Worth,Texas,No,931
SYN-DONOR-8a8c17e245a04b61,Rochester,New York,No,636
SYN-DONOR-764c6af146b941f9,San Antonio,Texas,No,777
SYN-DONOR-d4e228236fb34b1e,Oakland,California,Yes,474
SYN-DONOR-e23265a2a6484750,San Francisco,California,No,379
SYN-DONOR-a69e6c9375e545b7,Houston,Texas,Yes,559
SYN-DONOR-37799835ba1a4931,Sacramento,California,No,255
SYN-DONOR-462c2d1027ec4b8f,Queens,New York,No,984
SYN-DONOR-f89aa85328614596,El Paso,Texas,No,668
SYN-DONOR-f4a4426d7a8a40e1,Bronx,New York,Yes,772
SYN-DONOR-2ce03eb27fe9446c,Buffalo,New York,No,758
SYN-DONOR-156df955be994ab2,Evanston,Illinois,No,144
SYN-DONOR-44da17dd675c4695,Naperville,Illinois,No,934
SYN-DONOR-dd5d3826f5354ee0,San Francisco,California,No,218
SYN-DONOR-a15ba62ed61f436e,Naperville,Illinois,No,701
SYN-DONOR-9ac5cf4551204089,Austin,Texas,No,229
SYN-DONOR-7788e091a3024f6f,Miami,Florida,No,818
SYN-DONOR-ca5493bfa8f04ea8,Tampa,Florida,Yes,035
SYN-DONOR-85279e2eb70441f9,Los Angeles,California,Yes,853
SYN-DONOR-bf54cadcba704524,Orlando,Florida,No,861
SYN-DONOR-6c9a28b6382d48ec,Sacramento,California,No,879
SYN-DONOR-69b7fc21d1ea4bcf,Brooklyn,New York,No,647
SYN-DONOR-b7f3884855c741ed,Fort Worth,Texas,Yes,097
SYN-DONOR-24a926e91bce40c2,Chicago,Illinois,No,982
SYN-DONOR-d0cae4e3143046e8,Aurora,Illinois,Yes,515
SYN-DONOR-56f7236e23b0472e,Los Angeles,California,No,998
SYN-DONOR-faca5cc0d9bd4a4e,Raleigh,North Carolina,No,409
SYN-DONOR-f471f9516df8433d,Oakland,California,No,716
SYN-DONOR-b18c3cdc2c7a47a3,San Francisco,California,No,379
SYN-DONOR-44dfa3b1f9a3457e,Tallahassee,Florida,No,813
SYN-DONOR-b38c9cc8fcfe4a2a,Charlotte,North Carolina,No,277
SYN-DONOR-3cf552b2c0904820,San Diego,California,No,265
SYN-DONOR-4e35019eb6ba4c19,Oakland,California,No,859
SYN-DONOR-d1f5e7902b6b4d4c,Orlando,Florida,Yes,036
SYN-DONOR-afda597bfd754cd2,Rockford,Illinois,No,886
SYN-DONOR-ea8bf7fb65cf45d6,San Diego,California,Yes,718
SYN-DONOR-02d2b8830ced428f,Naperville,Illinois,Yes,156
SYN-DONOR-ce9690131f294c3c,Rockford,Illinois,Yes,770
SYN-DONOR-8a30b7cc40924b61,Chicago,Illinois,No,937
SYN-DONOR-251daadc93f14ba9,San Jose,California,No,972
SYN-DONOR-91f2c6e5f9404bd1,Oakland,California,Yes,716
SYN-DONOR-bf37875808b44795,Tampa,Florida,No,801
SYN-DONOR-1b15973214434489,Los Angeles,California,No,363
SYN-DONOR-d98542bee28745cf,Buffalo,New York,No,612
SYN-DONOR-de0d2611c8af408c,San Diego,California,No,910
SYN-DONOR-d839a5d42a854a8f,San Diego,California,No,265
SYN-DONOR-29369b0fcbb2432f,Sacramento,California,No,903
SYN-DONOR-eba680792c9c49e2,Austin,Texas,Yes,876
SYN-DONOR-f9f3fb40b2a844fc,San Francisco,California,No,161
SYN-DONOR-48a781b5f6ac4cd1,New York,New York,No,930
SYN-DONOR-721e68e61c584df6,San Diego,California,No,563
SYN-DONOR-9417b1a4a90341c1,Sacramento,California,No,879
SYN-DONOR-f80251b411dc49b3,San Jose,California,No,022
SYN-DONOR-526bf992c4bd451d,Tallahassee,Florida,No,365
SYN-DONOR-f85baea22ff74372,San Antonio,Texas,Yes,268
SYN-DONOR-5184d7d56f1448d3,Naperville,Illinois,No,758
SYN-DONOR-a19e20b9f8d14d7f,San Francisco,California,No,370
SYN-DONOR-936d6158994546b5,San Jose,California,No,850
SYN-DONOR-42860d7cbc9948f6,Fort Worth,Texas,No,097
SYN-DONOR-0115da9b369b4892,Naperville,Illinois,Yes,833
SYN-DONOR-facf74d9b0214f9d,Bronx,New York,No,475
SYN-DONOR-0c1153405da54b70,Los Angeles,California,No,321
SYN-DONOR-bf6153ba67194c49,San Jose,California,No,105
SYN-DONOR-cd082dbd9e614176,San Jose,California,No,447
SYN-DONOR-0d4b4f9996884ba6,Los Angeles,California,No,321
SYN-DONOR-53629916bb8d4e6c,Rockford,Illinois,Yes,954
SYN-DONOR-423a1f2ad5804aff,Miami,Florida,No,563
SYN-DONOR-687ac09028e747f4,Oakland,California,Yes,205
SYN-DONOR-728c17c1463f4894,San Francisco,California,No,935
SYN-DONOR-53ef53ac0ac64b78,San Jose,California,Yes,955
SYN-DONOR-75eb871933354519,Orlando,Florida,No,119
SYN-DONOR-4e8e0e93a97e42c6,San Antonio,Texas,No,777
SYN-DONOR-28877a4e68f8404b,Tallahassee,Florida,Yes,031
SYN-DONOR-61ea72b0e0164c98,Chicago,Illinois,No,891
SYN-DONOR-422592e01e8c4763,Naperville,Illinois,Yes,894
SYN-DONOR-20ac5aaa51644dac,Austin,Texas,Yes,065
SYN-DONOR-d95d77f2ef954048,Durham,North Carolina,No,673
SYN-DONOR-cb7a691165784934,San Jose,California,No,354
SYN-DONOR-9780f79cb98c419a,San Diego,California,No,910
SYN-DONOR-80712111c8084af5,Brooklyn,New York,No,075
SYN-DONOR-a4c542e1241947a7,Los Angeles,California,No,420
SYN-DONOR-81307af175c84f5e,Los Angeles,California,No,245
SYN-DONOR-65873b71d0324cf5,Evanston,Illinois,No,232
SYN-DONOR-800c23481615420b,Queens,New York,No,092
SYN-DONOR-754704b585bb4f11,Unknown,other,No,342
SYN-DONOR-db9d5cca277d4550,Queens,New York,No,092
SYN-DONOR-7330db2256654283,Durham,North Carolina,No,673
SYN-DONOR-2c76674fdc5c4be5,Los Angeles,California,No,420
SYN-DONOR-0a7eafc362d54431,El Paso,Texas,Yes,941
SYN-DONOR-67be7d6d525a4f1c,Aurora,Illinois,No,299
SYN-DONOR-289876b527e94394,Chicago,Illinois,No,376
SYN-DONOR-de055f6503154ef6,New York,New York,No,225
SYN-DONOR-90ca3c3d9ae64640,Sacramento,California,No,255
SYN-DONOR-7103703dcefb4c4c,Tampa,Florida,No,801
SYN-DONOR-feef74ee523e4ddd,San Diego,California,No,399
SYN-DONOR-b26cbff9301c44da,Tallahassee,Florida,No,365
SYN-DONOR-cf50082986744ffa,Miami,Florida,No,799
SYN-DONOR-39997ae52f064a0d,Queens,New York,No,092
SYN-DONOR-5704fbdeaa5145c1,Houston,Texas,Yes,173
SYN-DONOR-9c6ba06409b54b71,Queens,New York,No,790
SYN-DONOR-2cb6a42c68e64c32,Dallas,Texas,No,403
SYN-DONOR-f2bbf23f35894044,Unknown,other,No,342
SYN-DONOR-bb4c477b2e434863,Raleigh,North Carolina,No,864
SYN-DONOR-38cd1f926c9d428e,Queens,New York,No,790
SYN-DONOR-c3d5b647e29648be,Paris,other,No,539
SYN-DONOR-26d9f6b557384a26,El Paso,Texas,No,423
SYN-DONOR-1499621c6659454c,San Francisco,California,No,370
SYN-DONOR-55d02b8c1c3549eb,Queens,New York,No,984
SYN-DONOR-6e858f4de8434e9c,Naperville,Illinois,No,689
SYN-DONOR-397843b915014aa5,New York,New York,No,225
SYN-DONOR-ca3bb40b8b924344,San Antonio,Texas,No,777
SYN-DONOR-cf4613d57ff94884,San Antonio,Texas,No,516
SYN-DONOR-0185a45ff72d45e8,Oakland,California,Yes,112
SYN-DONOR-469a2287dce44dd7,Queens,New York,Yes,833
SYN-DONOR-4a73ce7f325e4fa6,San Francisco,California,No,218
SYN-DONOR-56be16ebdff643a2,Miami,Florida,No,563
SYN-DONOR-ca78569399dd47ac,Naperville,Illinois,No,647
SYN-DONOR-b198368a3f184fa4,Houston,Texas,No,173
SYN-DONOR-5a817f83799a475a,Brooklyn,New York,No,139
SYN-DONOR-5f4ad3a4a50544da,Buffalo,New York,No,758
SYN-DONOR-6ed7d39cb6fb40a1,Naperville,Illinois,No,701
SYN-DONOR-13e4fdeb20d64ccd,Bronx,New York,No,181
SYN-DONOR-071bef1d7c9c4181,El Paso,Texas,No,627
SYN-DONOR-74c18878ad724e3d,Brooklyn,New York,No,722
SYN-DONOR-c288861d3ab34189,Orlando,Florida,No,119
SYN-DONOR-5f182be055f04125,Chicago,Illinois,No,937
SYN-DONOR-5e4d7ff7148b4213,Queens,New York,No,984
SYN-DONOR-db2c2b6126094273,London,other,No,110
SYN-DONOR-9848eb1a066c4351,Buffalo,New York,No,612
SYN-DONOR-feba84d21424481b,Sacramento,California,No,443
SYN-DONOR-12c8fd10da714d7d,Bronx,New York,No,858
SYN-DONOR-f3a53d59e9ff40ce,Queens,New York,No,833
SYN-DONOR-551b5e45d6624dbf,Brooklyn,New York,No,722
SYN-DONOR-cc796ed72e9a4d59,San Jose,California,No,105
SYN-DONOR-e825c716938546e6,El Paso,Texas,No,212
SYN-DONOR-595b99efcfe34fb5,San Jose,California,No,105
SYN-DONOR-ab3cf6acc58f4155,Austin,Texas,No,876
SYN-DONOR-ff6bab284c7b428d,Austin,Texas,No,083
SYN-DONOR-983533a851f24324,Sacramento,California,Yes,310
SYN-DONOR-c9af57a8de7648eb,Miami,Florida,No,250
SYN-DONOR-72f550cc3d79461e,Chicago,Illinois,No,891
SYN-DONOR-5b6f187cc3944898,Aurora,Illinois,No,515
SYN-DONOR-df03b8ee13904411,Oakland,California,Yes,205
SYN-DONOR-fb1c037fae7c403c,Unknown,other,Yes,342
SYN-DONOR-7c5d65124f92467e,Sacramento,California,No,110
SYN-DONOR-d1e2388ed7324a1d,San Diego,California,No,911
SYN-DONOR-baee96537d474e74,Miami,Florida,Yes,474
SYN-DONOR-a5fb135a5f914eb8,Naperville,Illinois,Yes,647
SYN-DONOR-057a181656f641e5,Austin,Texas,No,945
SYN-DONOR-838d8b7661f142d7,Naperville,Illinois,No,894
SYN-DONOR-e1b2db095cf04e4e,Queens,New York,No,688
SYN-DONOR-79430ceec48e4686,Oakland,California,No,112
SYN-DONOR-ee431aeaab254dfd,Sacramento,California,No,705
SYN-DONOR-fb98b2d0e9be4333,Rochester,New York,No,011
SYN-DONOR-e0b958ecf0e34a52,Naperville,Illinois,No,291
SYN-DONOR-63b66c28b44e4e24,Naperville,Illinois,No,971
SYN-DONOR-961f6c19ab3e4033,Austin,Texas,No,876
SYN-DONOR-bbed0c8edf1a4667,Oakland,California,No,474
SYN-DONOR-29efa063374d4189,New York,New York,No,620
SYN-DONOR-74fde508b5e944cb,New York,New York,Yes,166
SYN-DONOR-20e218f04e7b4ce6,Chicago,Illinois,No,655
SYN-DONOR-753656c417fc4ea1,Tampa,Florida,No,035
SYN-DONOR-d2c78fa9f6034488,Miami,Florida,No,563
SYN-DONOR-9b36d4031ae84a74,Houston,Texas,No,559
SYN-DONOR-e37c7f27ce3b4e94,San Jose,California,No,850
SYN-DONOR-fce896de5422405f,New York,New York,No,166
SYN-DONOR-2e5f26d3d53a4a5e,Fort Worth,Texas,Yes,097
SYN-DONOR-22edeb102c2b451b,San Antonio,Texas,No,777
SYN-DONOR-db6b9ade5f92455e,Austin,Texas,No,922
SYN-DONOR-57ecbad5490c4a59,San Diego,California,No,910
SYN-DONOR-e8102eb4f96b4bae,Orlando,Florida,No,529
SYN-DONOR-283162519a7c47c2,Brooklyn,New York,No,268
SYN-DONOR-7959c0d126704020,Miami,Florida,No,250
SYN-DONOR-e0d91161b704466a,San Jose,California,No,850
SYN-DONOR-46be74c35317487b,Rockford,Illinois,No,670
SYN-DONOR-512c4a9cc98646fe,Orlando,Florida,No,861
SYN-DONOR-0648d6b089df4d50,Miami,Florida,No,250
SYN-DONOR-1786ebdf013d465b,Buffalo,New York,No,267
SYN-DONOR-6ffa1aa860314c8d,Naperville,Illinois,No,971
SYN-DONOR-b3086cdbc35b44db,New York,New York,No,930
SYN-DONOR-73f13d29dc024379,Chicago,Illinois,No,891
SYN-DONOR-c884c00360984a10,San Jose,California,No,491
SYN-DONOR-c404033927574015,Chicago,Illinois,No,376
SYN-DONOR-47d16e64567e46e7,San Jose,California,No,972
SYN-DONOR-8d0c710ef0054d1b,Evanston,Illinois,No,081
SYN-DONOR-7c7955aa2a4541eb,New York,New York,No,166
SYN-DONOR-e7a6eea910584b9c,Fort Worth,Texas,Yes,111
SYN-DONOR-62b50288a273428b,San Jose,California,No,796
SYN-DONOR-4296cd0d60ff49d7,San Francisco,California,No,728
SYN-DONOR-7eb5f6e2c01443fa,San Diego,California,No,718
SYN-DONOR-aa2c92f3cdef4da8,El Paso,Texas,No,162
SYN-DONOR-254ee8bee9c14990,San Diego,California,Yes,399
SYN-DONOR-54dd8a2bab914045,New York,New York,No,381
SYN-DONOR-e0f25545ac764a94,Charlotte,North Carolina,Yes,793
SYN-DONOR-bc10c529c47a4665,Naperville,Illinois,No,291
SYN-DONOR-5aa937a0eb004b7e,Jacksonville,Florida,Yes,651
SYN-DONOR-aee84af666344fdf,Fort Worth,Texas,Yes,459
SYN-DONOR-88c78cebcb024700,Sacramento,California,Yes,110
SYN-DONOR-53bcb9de30ca41b7,Austin,Texas,No,743
SYN-DONOR-04bddd04a22345b8,Jacksonville,Florida,Yes,263
SYN-DONOR-86c01e844ca54426,Buffalo,New York,No,267
SYN-DONOR-b86c1aa9c28d48fc,Rockford,Illinois,No,435
SYN-DONOR-91a4e8004476451c,Chicago,Illinois,Yes,773
SYN-DONOR-86d97baed9b64257,Orlando,Florida,No,119
SYN-DONOR-96be1e99b34c4894,Queens,New York,No,790
SYN-DONOR-a0e2c4d55e9a4039,Queens,New York,No,833
SYN-DONOR-8840ccaaceea4a78,San Diego,California,No,265
SYN-DONOR-fe94a3526f424aad,New York,New York,No,381
SYN-DONOR-f562ace3e63449fa,Bronx,New York,No,181
SYN-DONOR-ac6b5761ae1441fe,Miami,Florida,No,563
SYN-DONOR-4fbcfd535b1a4168,Brooklyn,New York,No,139
SYN-DONOR-b0db788909af4ebd,Naperville,Illinois,No,894
SYN-DONOR-be3f0a881a404f26,San Jose,California,Yes,105
SYN-DONOR-7cdbf4a09da94119,Dallas,Texas,No,695
SYN-DONOR-efb9d4e439d848df,Evanston,Illinois,No,090
SYN-DONOR-5a3a6b0c107b4d0d,Miami,Florida,No,818
SYN-DONOR-9c94ce24cf9f448c,Sacramento,California,No,443
SYN-DONOR-85b08441a1f64d24,Oakland,California,Yes,286
SYN-DONOR-4bc3a7f7486d429f,London,other,No,110
SYN-DONOR-09f99ff995fe4ead,London,other,Yes,110
SYN-DONOR-0f20510414d24ff3,San Antonio,Texas,No,268
SYN-DONOR-3a07163af748467f,San Diego,California,No,159
SYN-DONOR-4fc170ed8ff04535,Brooklyn,New York,No,075
SYN-DONOR-5a81abeddd9d4070,Chicago,Illinois,No,376
SYN-DONOR-17bb66f6162e488b,Rochester,New York,No,445
SYN-DONOR-4fe3278ac9e041c9,Sacramento,California,Yes,443
SYN-DONOR-ea0eeba00e2d49a4,Unknown,other,No,342
SYN-DONOR-d7b7c21887e6432d,San Jose,California,No,447
SYN-DONOR-5658f964c0004499,Raleigh,North Carolina,No,864
SYN-DONOR-356793a740b54b23,Fort Worth,Texas,Yes,459
SYN-DONOR-847c3aba1acc4a9e,Bronx,New York,No,475
SYN-DONOR-2c0105aebf6c4a80,Sacramento,California,No,018
SYN-DONOR-f53dfe2bc7744d66,Miami,Florida,No,818
SYN-DONOR-a2e322e45e3644e1,San Francisco,California,No,218
SYN-DONOR-c9d6aaccf6db4be2,Sacramento,California,Yes,707
SYN-DONOR-75db5aad36a24565,Los Angeles,California,No,321
SYN-DONOR-0d21383e5cab460a,San Francisco,California,No,114
SYN-DONOR-e8715bf6fd574d7e,Charlotte,North Carolina,No,793
SYN-DONOR-0e5f53ed33374761,Tallahassee,Florida,Yes,365
SYN-DONOR-984e658db6984522,San Francisco,California,No,218
SYN-DONOR-80bf80e5908148a1,San Diego,California,No,911
SYN-DONOR-7ed45ec743994047,Brooklyn,New York,Yes,728
SYN-DONOR-4927910ebedd434e,New York,New York,No,590
SYN-DONOR-492f671f2c2e4306,Buffalo,New York,Yes,251
SYN-DONOR-f16626311e394bd7,Fort Worth,Texas,Yes,111
SYN-DONOR-6a7232815d0f475f,Sacramento,California,No,255
SYN-DONOR-3177f1522b4f453d,Sacramento,California,No,443
SYN-DONOR-3e4e3344f41b40bf,Austin,Texas,No,743
SYN-DONOR-1c73a55084f24360,Naperville,Illinois,Yes,647
SYN-DONOR-a7369eba107641b8,San Jose,California,No,105
SYN-DONOR-b674655d8dd341d7,Austin,Texas,Yes,922
SYN-DONOR-4490cfef272349fb,Evanston,Illinois,Yes,144
SYN-DONOR-413ef3c8b75f4b93,Oakland,California,No,716
SYN-DONOR-9c58eaad70774bdb,Chicago,Illinois,Yes,376
SYN-DONOR-18de5c1951d14967,Sacramento,California,No,255
SYN-DONOR-0a2de7bcc8cd421f,Chicago,Illinois,No,937
SYN-DONOR-ed0816f932c4444b,New York,New York,Yes,620
SYN-DONOR-f18deb2ab86a4d9a,Naperville,Illinois,No,701
SYN-DONOR-3609fadabb0249b2,Miami,Florida,Yes,799
SYN-DONOR-125d63ef53844aa1,San Francisco,California,No,379
SYN-DONOR-3941f3a59c51458e,San Jose,California,No,491
SYN-DONOR-4ff4503166544fc1,Durham,North Carolina,No,673
SYN-DONOR-7c30388677dd4559,Naperville,Illinois,No,971
SYN-DONOR-1e336536db334547,Buffalo,New York,No,267
SYN-DONOR-b16e75429a07467b,El Paso,Texas,Yes,941
SYN-DONOR-0c18b9f9877d4772,Aurora,Illinois,No,312
SYN-DONOR-3dd8d53d5d00472c,El Paso,Texas,Yes,162
SYN-DONOR-eea0484bb3874b75,Los Angeles,California,Yes,243
SYN-DONOR-4a7c844dac474131,Jacksonville,Florida,No,600
SYN-DONOR-3ae6048e600f4a6c,New York,New York,No,166
SYN-DONOR-dcb517093c024448,Tampa,Florida,No,035
SYN-DONOR-63658ca1c76447e1,Sacramento,California,No,879
SYN-DONOR-a8c087f14ba44864,Aurora,Illinois,Yes,515
SYN-DONOR-0261b7f684a44d36,Queens,New York,Yes,833
SYN-DONOR-609ba00ebd77443a,New York,New York,No,440
SYN-DONOR-34c8259425b54480,Oakland,California,Yes,427
SYN-DONOR-bfb2e7e07d264782,Tallahassee,Florida,No,813
SYN-DONOR-290df952580e4687,Rochester,New York,Yes,011
SYN-DONOR-f95f26d2cacc4bd1,San Francisco,California,No,218
SYN-DONOR-70cf512a09e84828,Queens,New York,No,092
SYN-DONOR-18a6b3dbc6e941ee,Dallas,Texas,Yes,671
SYN-DONOR-9651c50f09214395,Queens,New York,No,984
SYN-DONOR-f5b034a576b14715,Paris,other,No,790
SYN-DONOR-923d51d3e2e44908,Rochester,New York,Yes,011
SYN-DONOR-1954815b8db24d8e,Brooklyn,New York,No,377
SYN-DONOR-7c5a6288c29d4447,Chicago,Illinois,No,937
SYN-DONOR-21525951f9c34c41,Naperville,Illinois,No,833
SYN-DONOR-ae77f0d935d44963,Los Angeles,California,No,830
SYN-DONOR-8d3468d57e884f82,Naperville,Illinois,No,934
SYN-DONOR-25d3a554a8684c76,Queens,New York,No,086
SYN-DONOR-ea1fc2efb2824221,El Paso,Texas,No,627
SYN-DONOR-fac3cfbe21834e5b,Naperville,Illinois,Yes,758
SYN-DONOR-6653889f2a804194,San Antonio,Texas,No,777
SYN-DONOR-c385cffa816c4436,Orlando,Florida,No,861
SYN-DONOR-37dbc54ace904a52,Miami,Florida,No,818
SYN-DONOR-6b0639c2844f456a,Austin,Texas,No,743
SYN-DONOR-456db29603684496,Naperville,Illinois,Yes,971
SYN-DONOR-340618bd62f347cc,Brooklyn,New York,Yes,647
SYN-DONOR-41bc02cb9df04a29,Orlando,Florida,Yes,861
SYN-DONOR-35f18a4781614189,London,other,No,127
SYN-DONOR-d8d9e5fc088d4d9b,Austin,Texas,No,945
SYN-DONOR-b1733a0bb4fb40b0,Fort Worth,Texas,Yes,061
SYN-DONOR-266a21b21294452b,Miami,Florida,Yes,250
SYN-DONOR-7ed7e6fc050544cc,Rockford,Illinois,No,670
SYN-DONOR-1a24c41c10714f5f,Queens,New York,No,086
SYN-DONOR-bc4e2160283f47fa,Austin,Texas,Yes,876
SYN-DONOR-a6c7d131d10848f5,San Diego,California,Yes,718
SYN-DONOR-1964110d4d664c4c,Chicago,Illinois,No,891
SYN-DONOR-8535979665414b3b,Tampa,Florida,No,035
SYN-DONOR-93357afadb8a4273,Orlando,Florida,No,036
SYN-DONOR-f91130daffc2478c,Evanston,Illinois,No,090
SYN-DONOR-fc105a40599e47f7,Evanston,Illinois,No,081
SYN-DONOR-2601fc157249471c,Chicago,Illinois,Yes,376
SYN-DONOR-e2a7a9bd4683445c,Durham,North Carolina,No,673
SYN-DONOR-76e7798353014595,Oakland,California,Yes,716
SYN-DONOR-fd04822672214541,Rochester,New York,No,550
SYN-DONOR-b4434e087c6142f1,Buffalo,New York,No,612
SYN-DONOR-9419ba49530549c5,San Diego,California,Yes,399
SYN-DONOR-a229e10be9434f30,New York,New York,No,555
SYN-DONOR-2db289109e2f402a,Miami,Florida,No,474
SYN-DONOR-82318dea5c7e4fdc,London,other,No,110
SYN-DONOR-a92fd207a8954604,Houston,Texas,No,559
SYN-DONOR-53767db458ff49d0,Miami,Florida,No,563
SYN-DONOR-99f20f123e284b5a,San Jose,California,No,022
SYN-DONOR-507134e4dd494b27,Naperville,Illinois,Yes,758
SYN-DONOR-7d1d164a3874446d,Raleigh,North Carolina,No,409
SYN-DONOR-8ce2b2cd3a7f4a27,Queens,New York,No,086
SYN-DONOR-2fbdb5942636482c,Evanston,Illinois,No,081
SYN-DONOR-05504ee8fc204b82,Chicago,Illinois,No,982
SYN-DONOR-cff2aa9e956c4ee2,Tampa,Florida,No,530
SYN-DONOR-6ace9aa96a004a02,Chicago,Illinois,No,376
SYN-DONOR-0129b4812712432f,Fort Worth,Texas,Yes,061
SYN-DONOR-cb2902e081d14fcb,Miami,Florida,No,250
SYN-DONOR-c305777126634e4e,Tampa,Florida,No,530
SYN-DONOR-1ab068e1384b44fc,Evanston,Illinois,No,090
SYN-DONOR-4e70f8a6c2eb42b4,Queens,New York,No,092
SYN-DONOR-50e5c72fb2d64998,Raleigh,North Carolina,No,456
SYN-DONOR-3befde506d9b4477,Miami,Florida,No,563
SYN-DONOR-2dc41eaabf1c40f0,Tampa,Florida,No,035
SYN-DONOR-bac80cae07e14f70,Tampa,Florida,No,530
SYN-DONOR-3173ac696df2462a,Buffalo,New York,Yes,758
SYN-DONOR-ebbdf1b2a8dc45cf,Naperville,Illinois,No,156
SYN-DONOR-439224eb89874e1c,Bronx,New York,No,475
SYN-DONOR-399c07fbfd5d4216,Rockford,Illinois,No,670
SYN-DONOR-0202c962f9484251,Paris,other,No,790
SYN-DONOR-cd68f8c4a3284d72,Oakland,California,Yes,716
SYN-DONOR-c7b786c4f1ad4632,Rockford,Illinois,No,670
SYN-DONOR-7eed2c8db13b475e,Tallahassee,Florida,No,031
SYN-DONOR-fc790bbfd7ba4902,Rochester,New York,Yes,445
SYN-DONOR-6a9498a27f6a4ab5,New York,New York,No,555
SYN-DONOR-786513b7e43c471e,Brooklyn,New York,No,240
SYN-DONOR-048c148ad7ae40e4,Aurora,Illinois,No,788
SYN-DONOR-432ac2e0a7724db6,San Diego,California,No,911
SYN-DONOR-071908cd7fef4a82,Sacramento,California,No,333
SYN-DONOR-ff1993299fe94c56,New York,New York,No,620
SYN-DONOR-c97d7b28a4be4f82,Brooklyn,New York,No,075
SYN-DONOR-5a244e61a3084ac0,El Paso,Texas,Yes,316
SYN-DONOR-397bb57975834fee,Evanston,Illinois,No,144
SYN-DONOR-1a1760bd4aa8470f,New York,New York,No,225
SYN-DONOR-70008b6ab89241d7,Brooklyn,New York,No,377
SYN-DONOR-c810c4f6052b4157,Bronx,New York,No,772
SYN-DONOR-2e4f430fa85e432a,Naperville,Illinois,Yes,971
SYN-DONOR-5bac512d606243f5,Evanston,Illinois,No,144
SYN-DONOR-21a4e9b9b2f24165,Buffalo,New York,No,267
SYN-DONOR-4f13a656d30f446b,Oakland,California,Yes,474
SYN-DONOR-8fcb9993db5245f2,Paris,other,Yes,790
SYN-DONOR-028c37da05e649a9,Miami,Florida,No,563
SYN-DONOR-7d08d5b19ce94a5b,San Francisco,California,No,218
SYN-DONOR-f993a2636b414929,Fort Worth,Texas,No,097
SYN-DONOR-5572aefc930a4c36,Jacksonville,Florida,No,571
SYN-DONOR-362000d61f4e451b,Raleigh,North Carolina,Yes,409
SYN-DONOR-9c6ecf82b79e4f65,New York,New York,No,166
SYN-DONOR-bb1e32f6d078400a,San Diego,California,No,226
SYN-DONOR-d880c713b2a54638,San Jose,California,No,955
SYN-DONOR-28d997aab64b4e26,Orlando,Florida,No,119
SYN-DONOR-6bc4857823ca423b,Los Angeles,California,No,420
SYN-DONOR-300114d37146410c,Los Angeles,California,No,363
SYN-DONOR-7c36e730bc43444c,Naperville,Illinois,No,758
SYN-DONOR-ac5fd05ec99b47ed,Sacramento,California,No,879
SYN-DONOR-435d8470b50e46ef,Naperville,Illinois,Yes,647
SYN-DONOR-8f346236b93d42eb,Chicago,Illinois,No,982
SYN-DONOR-1442900c5e784225,Brooklyn,New York,Yes,268
SYN-DONOR-1241fa4af1a84265,San Francisco,California,No,161
SYN-DONOR-4eb804793d324e6d,Austin,Texas,No,922
SYN-DONOR-68ed609eec7c43d5,Jacksonville,Florida,No,600
SYN-DONOR-b64af23a1abb47b0,Naperville,Illinois,Yes,833
SYN-DONOR-a93aabbb9e12480a,San Francisco,California,No,295
SYN-DONOR-d7271519e2f347cd,Naperville,Illinois,No,689
SYN-DONOR-df712eaee6874b1e,Brooklyn,New York,Yes,722
SYN-DONOR-2c76637aa0ca4b22,Los Angeles,California,No,321
SYN-DONOR-651db779bd784e5b,Raleigh,North Carolina,No,864
SYN-DONOR-58894fa7118c40f2,Naperville,Illinois,No,701
SYN-DONOR-55b860de15444265,Miami,Florida,Yes,799
SYN-DONOR-ee2f47261e7d4b84,Los Angeles,California,No,243
SYN-DONOR-d5ef7e63432946ae,Durham,North Carolina,No,673
SYN-DONOR-b1fc913fc73242a0,Miami,Florida,No,250
SYN-DONOR-00b8a3681bb94265,Los Angeles,California,Yes,189
SYN-DONOR-8a397ab41b5e402e,Fort Worth,Texas,No,061
SYN-DONOR-faa0048544f5456d,Los Angeles,California,No,830
SYN-DONOR-95ff2d9b442f44ec,London,other,No,110
SYN-DONOR-3a2db167969a448e,Oakland,California,No,205
SYN-DONOR-85576879c25c423f,Austin,Texas,No,229
SYN-DONOR-762ba5beb026485f,Houston,Texas,No,363
SYN-DONOR-a7557e09dc4f45c1,San Diego,California,No,159
SYN-DONOR-4eba73e612244bc6,Bronx,New York,No,475
SYN-DONOR-126e12d8cd544d62,Dallas,Texas,No,695
SYN-DONOR-9c9b87330ae94e45,Naperville,Illinois,No,934
SYN-DONOR-0eca8de7fdce4659,Rochester,New York,No,445
SYN-DONOR-f41c8c7fe44a4556,Durham,North Carolina,No,673
SYN-DONOR-9399b002191d451b,Tallahassee,Florida,No,813
SYN-DONOR-9864bfd3d9a2426c,Fort Worth,Texas,No,111
SYN-DONOR-19cacf4adece4b6f,San Diego,California,No,399
SYN-DONOR-49d88cc7bac54622,Naperville,Illinois,No,833
SYN-DONOR-e113094489bb4018,Rochester,New York,No,636
SYN-DONOR-56a9650a09cc4a7f,Buffalo,New York,No,612
SYN-DONOR-66f055a0514d454d,Rochester,New York,No,636
SYN-DONOR-f3fd30d78f654a7a,San Jose,California,Yes,796
SYN-DONOR-8279faa2b507446f,Naperville,Illinois,No,156
SYN-DONOR-7661a703bc454784,San Diego,California,Yes,265
SYN-DONOR-ff78b2f5a19a474b,Buffalo,New York,No,612
SYN-DONOR-cac04623c5ad4843,San Diego,California,No,435
SYN-DONOR-94b1cb13b71a44d7,Austin,Texas,No,945
SYN-DONOR-86b4214f22974eef,Naperville,Illinois,No,249
SYN-DONOR-ddce31763c804ad6,Brooklyn,New York,No,139
SYN-DONOR-f78232c216ba4b8d,Los Angeles,California,No,243
SYN-DONOR-08cd0ce2dbfc4c6f,Brooklyn,New York,Yes,647
SYN-DONOR-7282ce1881d5439f,Los Angeles,California,No,999
SYN-DONOR-8f89e3b64ea94198,Naperville,Illinois,No,156
SYN-DONOR-9dc9583a572144bb,New York,New York,No,555
SYN-DONOR-00cdbe1a04844a6e,San Jose,California,No,955
SYN-DONOR-8b2ca9fdd8f1485d,Evanston,Illinois,No,081
SYN-DONOR-c16bdf043c1646c0,Sacramento,California,No,705
SYN-DONOR-b3fbd0f666444a97,San Jose,California,No,354
SYN-DONOR-1585a6e9751b4081,Bronx,New York,No,772
SYN-DONOR-e50b629d422e4d51,Naperville,Illinois,No,701
SYN-DONOR-39ac95f074db44f9,Oakland,California,Yes,716
SYN-DONOR-2f8378e0dd704f03,Los Angeles,California,No,999
SYN-DONOR-16c97ef81867420f,Rochester,New York,No,965
SYN-DONOR-0ff288545df94b60,Oakland,California,Yes,097
SYN-DONOR-9783db035ce344fa,Sacramento,California,No,443
SYN-DONOR-ee7531314d9f4bb5,New York,New York,No,620
SYN-DONOR-7777d3e2f6db4b9b,Los Angeles,California,No,853
SYN-DONOR-aaf6d578dedd4f5e,Naperville,Illinois,Yes,934
SYN-DONOR-68f37b330a0342ec,Raleigh,North Carolina,No,507
SYN-DONOR-6124f467683945be,Tallahassee,Florida,No,031
SYN-DONOR-afbe5169a3df410c,Rochester,New York,Yes,445
SYN-DONOR-b116a2bb872b408f,New York,New York,No,930
SYN-DONOR-70c37a0d17204e12,Charlotte,North Carolina,No,461
SYN-DONOR-25640a7588c14fba,Evanston,Illinois,Yes,081
SYN-DONOR-fdc27069d3b74427,Dallas,Texas,Yes,403
SYN-DONOR-eaeb4d4d2b3c4dfd,Evanston,Illinois,No,144
SYN-DONOR-8409c255ba9f4d1f,Sacramento,California,Yes,255
SYN-DONOR-7a7af1913fe243d5,Tallahassee,Florida,Yes,365
SYN-DONOR-53dddeb5df174c2b,Sacramento,California,Yes,255
SYN-DONOR-0117633fc04545dd,Naperville,Illinois,No,701
SYN-DONOR-17c1bc8fb53c4646,Los Angeles,California,No,189
SYN-DONOR-16e50974bbd84e38,Naperville,Illinois,No,249
SYN-DONOR-7c687b4d8d5d4fda,San Diego,California,Yes,159
SYN-DONOR-310bc9e8c9fb4815,Rockford,Illinois,Yes,954
SYN-DONOR-d8cba0d9f6c94299,Orlando,Florida,No,119
SYN-DONOR-df66d0b7495e4111,San Diego,California,Yes,265
SYN-DONOR-7dfab8497d164272,El Paso,Texas,No,941
SYN-DONOR-a4acb68973df4914,Los Angeles,California,No,999
SYN-DONOR-b26347f3a4fa4218,London,other,No,127
SYN-DONOR-d7bcd219f8ee4a0f,Rochester,New York,Yes,011
SYN-DONOR-f599eea14659423e,San Francisco,California,No,563
SYN-DONOR-8a6c413ec6704ba2,Sacramento,California,Yes,110
SYN-DONOR-ac9e4dc635f54ee6,Naperville,Illinois,No,894
SYN-DONOR-0175e2e9feb34559,Brooklyn,New York,No,728
SYN-DONOR-c2bffc5897b24201,Evanston,Illinois,No,081
SYN-DONOR-24c34ff4983a416a,London,other,No,127
SYN-DONOR-0ee1221727694792,San Jose,California,No,955
SYN-DONOR-5d0c7e2e55a54efb,Raleigh,North Carolina,No,300
SYN-DONOR-685986690681453e,Jacksonville,Florida,Yes,942
SYN-DONOR-b2f16a3028fa4c76,Oakland,California,Yes,474
SYN-DONOR-7aab9963ef1545cd,Queens,New York,No,086
SYN-DONOR-87d72ef38cdf445d,Evanston,Illinois,Yes,081
SYN-DONOR-126d05cf2479421d,Fort Worth,Texas,Yes,061
SYN-DONOR-9783e8ddc4864994,Brooklyn,New York,Yes,722
SYN-DONOR-7d2dce65656740d5,Raleigh,North Carolina,No,456
SYN-DONOR-c00154f9cad74f7b,San Diego,California,No,911
SYN-DONOR-359c4216d64a4111,San Antonio,Texas,No,742
SYN-DONOR-4d8fb6fb10ae4c07,San Diego,California,No,910
SYN-DONOR-4ea7387ad9064a1a,Evanston,Illinois,No,090
SYN-DONOR-b18599c8aa8044c1,Buffalo,New York,Yes,612
SYN-DONOR-bdc3a9e945eb4d1a,Sacramento,California,Yes,018
SYN-DONOR-e060c616c4274231,Fort Worth,Texas,Yes,061
SYN-DONOR-a71ec7df3de04327,Dallas,Texas,No,403
SYN-DONOR-684e4aaf88674c47,Brooklyn,New York,No,075
SYN-DONOR-26251e6f50e1451b,Queens,New York,No,984
SYN-DONOR-c336c8232403405a,Los Angeles,California,Yes,471
SYN-DONOR-0fdb6416b3c84372,San Jose,California,No,022
SYN-DONOR-d7c5803169a04848,Austin,Texas,No,083
SYN-DONOR-0372e1db448d4baa,El Paso,Texas,No,423
SYN-DONOR-af0a2a809d9f460e,San Jose,California,No,354
SYN-DONOR-5e59d7ab2ac54214,Oakland,California,Yes,205
SYN-DONOR-04f82e9de48b49de,Rockford,Illinois,No,670
SYN-DONOR-9d5c3f196677457b,Brooklyn,New York,Yes,728
SYN-DONOR-cf3a14c7631346e1,Rochester,New York,Yes,011
SYN-DONOR-6c485c6e38a94d52,El Paso,Texas,No,941
SYN-DONOR-aedcac1ead5f4411,San Antonio,Texas,Yes,268
SYN-DONOR-f6d864ba46dc4229,Evanston,Illinois,No,090
SYN-DONOR-816daa1c17854f7b,San Jose,California,No,491
SYN-DONOR-f5fc5a23ee884610,Tallahassee,Florida,Yes,365
SYN-DONOR-06f7181f60344cf5,El Paso,Texas,No,668
SYN-DONOR-432db5798e4b4484,Dallas,Texas,No,671
SYN-DONOR-b1fec9681c8f47f0,Aurora,Illinois,No,788
SYN-DONOR-36c48920163f4465,Oakland,California,No,859
SYN-DONOR-3dc224af9d0d4de5,Rockford,Illinois,No,670
SYN-DONOR-1f6950dc8e6942f4,Brooklyn,New York,No,722
SYN-DONOR-231e1db280944405,Raleigh,North Carolina,No,456
SYN-DONOR-92e7338d1c4e4648,Oakland,California,Yes,097
SYN-DONOR-71f21491a91244d0,Fort Worth,Texas,No,931
SYN-DONOR-b8962e289e644f7a,Buffalo,New York,No,251
SYN-DONOR-13f74bc8084a43c2,New York,New York,No,381
SYN-DONOR-11e0103d5add4d89,El Paso,Texas,No,212
SYN-DONOR-9494099b993042ba,Raleigh,North Carolina,No,864
SYN-DONOR-a424a7229e4b4988,Houston,Texas,Yes,559
SYN-DONOR-867640a694984304,Rockford,Illinois,Yes,435
SYN-DONOR-18e3b2e5222f42d9,Evanston,Illinois,No,090
SYN-DONOR-1dc47b9bead94633,San Diego,California,No,643
SYN-DONOR-4eea1580719f456c,Chicago,Illinois,No,655
SYN-DONOR-9b2c4ccf2db741e3,Sacramento,California,No,333
SYN-DONOR-cbf6aea0f90e4d89,Naperville,Illinois,No,249
SYN-DONOR-09c992471b124750,Oakland,California,No,859
SYN-DONOR-1540049546b546a5,Rochester,New York,No,636
SYN-DONOR-fbb0bf3a1313479b,San Francisco,California,No,935
SYN-DONOR-d03f40cbf1ff4edb,Oakland,California,No,205
SYN-DONOR-184f8f39556d4659,Rockford,Illinois,No,670
SYN-DONOR-fa4b0a34eae5459d,Miami,Florida,Yes,563
SYN-DONOR-b99597d21a144147,Jacksonville,Florida,No,571
SYN-DONOR-6f9face4a8d64fc9,El Paso,Texas,No,316
SYN-DONOR-4863a71100fd4615,Chicago,Illinois,No,937
SYN-DONOR-0d502bfd1a174b48,San Jose,California,No,022
SYN-DONOR-e2afe854b9af467e,Evanston,Illinois,No,081
SYN-DONOR-0c5936a9d9d54073,San Jose,California,Yes,955
SYN-DONOR-d15ab57364fe4e8c,Sacramento,California,Yes,879
SYN-DONOR-3f54441ce58b40bf,Sacramento,California,No,705
SYN-DONOR-b6a44635d4154797,Tallahassee,Florida,No,365
SYN-DONOR-2f29a0c816144e5f,San Jose,California,No,105
SYN-DONOR-5ef5f36e20ac4f31,Austin,Texas,No,065
SYN-DONOR-46bd03f0f19341e9,San Jose,California,No,850
SYN-DONOR-9733ce9c5af34da5,Bronx,New York,No,858
SYN-DONOR-e125b77125c84cfd,Naperville,Illinois,No,934
SYN-DONOR-889497d6a35c475c,Austin,Texas,Yes,945
SYN-DONOR-d430b32f6bec46fb,Sacramento,California,No,443
SYN-DONOR-81edd17deba5452b,Greensboro,North Carolina,No,521
SYN-DONOR-e927c2ede78b4c1b,Austin,Texas,Yes,922
SYN-DONOR-a965355f45bb4d56,Oakland,California,No,859
SYN-DONOR-3fc5789e9a144f48,Durham,North Carolina,Yes,673
SYN-DONOR-9259a95a4dc54efa,New York,New York,Yes,620
SYN-DONOR-87a487f7386344a4,Fort Worth,Texas,Yes,097
SYN-DONOR-bdb6c8db5b3f40c6,Oakland,California,No,097
SYN-DONOR-1e9d9f9e32bd495b,Tallahassee,Florida,No,365
SYN-DONOR-0a3777510d9e4f01,Rochester,New York,No,445
SYN-DONOR-325bb462e45c42fa,Orlando,Florida,No,529
SYN-DONOR-bfe11e8e03a24226,Aurora,Illinois,No,299
SYN-DONOR-f6b061c1e9104fb0,San Jose,California,No,354
SYN-DONOR-0fe9f32d02cc458c,Jacksonville,Florida,No,942
SYN-DONOR-c13849604d3d4aac,Fort Worth,Texas,No,459
SYN-DONOR-8a4b83244c024629,Naperville,Illinois,No,934
SYN-DONOR-d34f1d512efe4c5c,New York,New York,Yes,590
SYN-DONOR-00725877a1d7400e,Rockford,Illinois,No,770
SYN-DONOR-83b5c41f324f4cc1,Los Angeles,California,No,363
SYN-DONOR-e5ebf17f0f1547a8,Tallahassee,Florida,Yes,813
SYN-DONOR-5f5dc979d32c45e0,San Jose,California,No,955
SYN-DONOR-722367e911b242d5,El Paso,Texas,No,941
SYN-DONOR-c8bcfe427ce84dcc,New York,New York,Yes,930
SYN-DONOR-78ae89b1de364434,San Diego,California,No,226
SYN-DONOR-cee5bcf7aa0846e8,Paris,other,No,790
SYN-DONOR-06ff61b42ebd460e,Durham,North Carolina,No,312
SYN-DONOR-1f62305296804091,Tampa,Florida,No,035
SYN-DONOR-f76f500aa64241dd,Sacramento,California,No,903
SYN-DONOR-7d05f7cc49a64c22,El Paso,Texas,No,423
SYN-DONOR-5784fcd743354e64,Rochester,New York,No,550
SYN-DONOR-7038bbc179a84774,Evanston,Illinois,No,081
SYN-DONOR-5ebc8298342d4fcc,San Francisco,California,No,379
SYN-DONOR-7eb9d7fa3d2848d1,Sacramento,California,No,879
SYN-DONOR-eb9bf8833a3f45b3,Fort Worth,Texas,Yes,234
SYN-DONOR-58e36c35e9fb4685,San Diego,California,No,718
SYN-DONOR-95f3e2ab270548c3,Naperville,Illinois,No,758
SYN-DONOR-984763dde081499d,Rochester,New York,No,965
SYN-DONOR-32d4827068ad44ae,Evanston,Illinois,No,144
SYN-DONOR-5aa5bb91f7d241f7,San Jose,California,No,796
SYN-DONOR-0d07a5c3ea574079,Queens,New York,No,092
SYN-DONOR-2efb34b4e4074148,Brooklyn,New York,Yes,075
SYN-DONOR-c032cff355fc4230,Los Angeles,California,No,853
SYN-DONOR-17bcd78fbf7f47e1,Tampa,Florida,No,530
SYN-DONOR-748bacd002284ba1,Miami,Florida,Yes,474
SYN-DONOR-2e85a50902a84a02,El Paso,Texas,No,627
SYN-DONOR-05d6e4f8a0014c58,San Jose,California,No,850
SYN-DONOR-0c8d4d3230984367,San Diego,California,No,159
SYN-DONOR-fa6b810a654849ff,Sacramento,California,No,255
SYN-DONOR-4e137eb017d44224,Evanston,Illinois,No,120
SYN-DONOR-31c5588e4fd44e6b,Chicago,Illinois,No,835
SYN-DONOR-5abd990268e54322,Aurora,Illinois,No,788
SYN-DONOR-5b5138dc05a240ff,Fort Worth,Texas,No,234
SYN-DONOR-9f05c607d92b4531,El Paso,Texas,No,747
SYN-DONOR-fb0746ad731041cf,Jacksonville,Florida,No,651
SYN-DONOR-2aeb0a939d604f6a,El Paso,Texas,Yes,061
SYN-DONOR-9fce7f0aec7944f9,Miami,Florida,No,474
SYN-DONOR-f1f64fb1b5334d56,Los Angeles,California,No,243
SYN-DONOR-3da1111335ab4e0d,San Jose,California,No,955
SYN-DONOR-f0ce0f8a27b541e7,Houston,Texas,No,173
SYN-DONOR-4b09560b3174472b,New York,New York,No,620
SYN-DONOR-52a3971904cb4741,Sacramento,California,No,110
SYN-DONOR-eaa219a64ccb442c,London,other,Yes,110
SYN-DONOR-cb07c81e831d42c8,San Jose,California,No,491
SYN-DONOR-4e1b05dee571470d,New York,New York,No,440
SYN-DONOR-0468230398ba4867,Orlando,Florida,Yes,529
SYN-DONOR-3456abd06f004b95,Los Angeles,California,Yes,830
SYN-DONOR-bc0c967afc074b56,Austin,Texas,Yes,065
SYN-DONOR-319225001b784b91,New York,New York,No,381
SYN-DONOR-db19baf64ec94bb5,San Francisco,California,No,935
SYN-DONOR-eeea05fc8e5e48ac,San Antonio,Texas,No,742
SYN-DONOR-ff02b271c8a94572,Oakland,California,No,093
SYN-DONOR-7a1205181d3a4acc,Rochester,New York,No,445
SYN-DONOR-c3a3fe2765ca4af0,Sacramento,California,Yes,310
SYN-DONOR-af8d24f133364550,Paris,other,No,319
SYN-DONOR-e9bd202520bc4363,San Francisco,California,No,370
SYN-DONOR-cbcd5b96e83547a9,Naperville,Illinois,No,689
SYN-DONOR-22056fbcd32f4fb2,Sacramento,California,No,255
SYN-DONOR-0663d82b0ac147ba,Chicago,Illinois,No,937
SYN-DONOR-b8ca4a7891c74977,Austin,Texas,No,922
SYN-DONOR-d63b54d494434874,Rockford,Illinois,No,435
SYN-DONOR-1023185cac7b4d2e,Naperville,Illinois,No,934
SYN-DONOR-8738c124b46a41b2,Los Angeles,California,No,363
SYN-DONOR-f0f30547b33a4661,San Jose,California,No,491
SYN-DONOR-9e8a4e3069f94e4d,Tallahassee,Florida,Yes,813
SYN-DONOR-4c344471e67a4855,Naperville,Illinois,No,758
SYN-DONOR-c68a11670cef4b80,Rockford,Illinois,Yes,670
SYN-DONOR-6422b37dbac64c87,Rochester,New York,No,584
SYN-DONOR-05192f5b30c64ea2,New York,New York,Yes,166
SYN-DONOR-4297b8b7ba724a6a,Austin,Texas,No,065
SYN-DONOR-e912f27b78474217,Rockford,Illinois,No,770
SYN-DONOR-6e7c59496fc045d2,Buffalo,New York,No,758
SYN-DONOR-f39da9a8263847f2,San Diego,California,No,643
SYN-DONOR-3444874835154890,Sacramento,California,Yes,443
SYN-DONOR-c0ec874abbaa46bf,Austin,Texas,No,229
SYN-DONOR-cbb3f627f0e9454b,San Jose,California,No,796
SYN-DONOR-9de21cea9d8b4de2,Greensboro,North Carolina,Yes,521
SYN-DONOR-0c8ad84b09384319,Bronx,New York,No,475
SYN-DONOR-49389cae37c74880,San Francisco,California,Yes,379
SYN-DONOR-e7243e3c1319466a,Orlando,Florida,No,119
SYN-DONOR-dad4aa5b58ed4ced,New York,New York,No,930
SYN-DONOR-d47be29b5f2a4c4d,San Francisco,California,No,370
SYN-DONOR-8c9fe5c3e434429c,Los Angeles,California,No,853
SYN-DONOR-72c3c6fd916c44f3,Rockford,Illinois,No,670
SYN-DONOR-0f7f2985e7014bdd,Houston,Texas,Yes,559
SYN-DONOR-f5d5a9aa23574d9d,Chicago,Illinois,No,376
SYN-DONOR-46bea92045e44f8e,Buffalo,New York,No,251
SYN-DONOR-f882b36ccc894a28,San Diego,California,Yes,910
SYN-DONOR-1c291bc2549941c3,Fort Worth,Texas,No,234
SYN-DONOR-47d8ca6a17aa4857,San Diego,California,No,435
SYN-DONOR-b1f6cfbc2b0d4405,Los Angeles,California,No,999
SYN-DONOR-58118d3c16be4dd6,Chicago,Illinois,Yes,773
SYN-DONOR-346f0e2b428949fd,San Jose,California,Yes,022
SYN-DONOR-6f8df640ad40471c,Fort Worth,Texas,No,459
SYN-DONOR-5528d955ad7f4c5c,Bronx,New York,Yes,858
SYN-DONOR-8883daa10ca84f83,Orlando,Florida,No,861
SYN-DONOR-72769fdbe5ae435a,Orlando,Florida,No,861
SYN-DONOR-5e14eebf5745424d,El Paso,Texas,No,423
SYN-DONOR-1733ea09ac41484c,Naperville,Illinois,No,647
SYN-DONOR-e11341c988ac42c0,Orlando,Florida,Yes,036
SYN-DONOR-7ccccc28a7164650,Greensboro,North Carolina,No,883
SYN-DONOR-65cbb8b3a6724e23,San Diego,California,No,718
SYN-DONOR-9376b2caf6954f4e,Oakland,California,No,286
SYN-DONOR-ad2c5665f41b4bf5,Aurora,Illinois,No,312
SYN-DONOR-f520a65dbc8949ea,Naperville,Illinois,No,934
SYN-DONOR-fb8459c8b3ed4419,Rochester,New York,No,550
SYN-DONOR-e5fc9ab2a87246a0,San Francisco,California,No,218
SYN-DONOR-bb68cc81eb044dfd,Los Angeles,California,No,245
SYN-DONOR-793e4777ada847ce,Miami,Florida,No,204
SYN-DONOR-364f51e264404371,Evanston,Illinois,No,120
SYN-DONOR-992058dff4df4e34,San Antonio,Texas,No,516
SYN-DONOR-fe8e9cf1bcbe4e24,Los Angeles,California,No,420
SYN-DONOR-85dfb7596273438b,Brooklyn,New York,No,075
SYN-DONOR-eba5938a678b4af4,El Paso,Texas,No,941
SYN-DONOR-cd6e5a892e7b418f,Sacramento,California,No,018
SYN-DONOR-903a6a1fa9124669,Fort Worth,Texas,Yes,111
SYN-DONOR-9cd05a39f9994d66,Austin,Texas,No,083
SYN-DONOR-1c22a995bf114afd,Naperville,Illinois,No,701
SYN-DONOR-6f232c0925cf4ddd,Sacramento,California,No,443
SYN-DONOR-0a61584c892340ef,Fort Worth,Texas,No,097
SYN-DONOR-384bf3419828430c,Oakland,California,No,093
SYN-DONOR-eceb5cee0124488d,Buffalo,New York,No,612
SYN-DONOR-6b1184ccf86046e0,El Paso,Texas,No,747
SYN-DONOR-400fde937f71441f,San Jose,California,Yes,955
SYN-DONOR-9303da81c1d7491a,Oakland,California,No,474
SYN-DONOR-aa6a6fbe22964ee9,Paris,other,Yes,790
SYN-DONOR-71789c8e545e448c,San Francisco,California,No,370
SYN-DONOR-c684a65d601c41ca,Miami,Florida,Yes,818
SYN-DONOR-0b944d5f7cba41aa,Sacramento,California,No,255
SYN-DONOR-ee0d6bb00d824b6e,San Jose,California,No,447
SYN-DONOR-bb91ee88b8124d3c,Houston,Texas,No,559
SYN-DONOR-141b2d243fe24fdc,Naperville,Illinois,No,647
SYN-DONOR-8e8c2e2071e24c85,San Diego,California,No,563
SYN-DONOR-2d58d62386964b89,Queens,New York,No,790
SYN-DONOR-c4c1d4ffc40348cc,San Antonio,Texas,No,742
SYN-DONOR-a4119aac865745eb,Sacramento,California,No,879
SYN-DONOR-3e5a875ea1ca49ed,El Paso,Texas,No,316
SYN-DONOR-d9edfe976f914de8,Queens,New York,No,833
SYN-DONOR-946a7f4728d146bb,San Jose,California,No,972
SYN-DONOR-3c55962bccc540be,Jacksonville,Florida,No,263
SYN-DONOR-9ae1dcbadbee4fd8,Naperville,Illinois,No,934
SYN-DONOR-a73c0c9e02934ec9,Tallahassee,Florida,No,813
SYN-DONOR-3c033718e5194a88,Orlando,Florida,No,119
SYN-DONOR-f3f01e696f0749ea,Los Angeles,California,No,999
SYN-DONOR-9b4443712317439e,Oakland,California,No,427
SYN-DONOR-2b2ab17e488e4cc1,San Jose,California,No,955
SYN-DONOR-95c0b2e222cd4de4,Austin,Texas,No,876
SYN-DONOR-8fa9f3c96f0f4fce,Brooklyn,New York,No,728
SYN-DONOR-9df927d517ab46f0,San Francisco,California,No,218
SYN-DONOR-4bbc516636284703,Chicago,Illinois,No,937
SYN-DONOR-5db1c0d4667345b2,Jacksonville,Florida,No,942
SYN-DONOR-4c3083a541154ef2,Sacramento,California,No,705
SYN-DONOR-6f66ca573c364f99,Rochester,New York,Yes,965
SYN-DONOR-52657a17b04f45c5,Naperville,Illinois,No,156
SYN-DONOR-c950585861c54814,Aurora,Illinois,No,299
SYN-DONOR-26b50d82e6b54e87,Chicago,Illinois,Yes,655
SYN-DONOR-87debf7d5b564e18,San Antonio,Texas,No,742
SYN-DONOR-9491a6a4fd88428c,Naperville,Illinois,No,894
SYN-DONOR-c17c4db7fc84463c,Los Angeles,California,No,321
SYN-DONOR-f74efb1429384a43,Raleigh,North Carolina,No,409
SYN-DONOR-9bc9240c9c534794,Rockford,Illinois,No,954
SYN-DONOR-c71a68c5ca8443c0,Miami,Florida,Yes,799
SYN-DONOR-a159d2a29eae46da,Miami,Florida,No,474
SYN-DONOR-e8870d9b85fe4090,Naperville,Illinois,Yes,934
SYN-DONOR-1dde539c4ae94bc5,San Jose,California,No,022
SYN-DONOR-5d55888efda74b74,Unknown,other,No,342
SYN-DONOR-36626edcca8d4733,Raleigh,North Carolina,No,456
SYN-DONOR-1bb8822f61504550,San Francisco,California,No,161
SYN-DONOR-1c7ce3aeb8124144,Naperville,Illinois,Yes,291
SYN-DONOR-9b95ba45a5284546,Rochester,New York,No,550
SYN-DONOR-803b835282e54558,New York,New York,No,930
SYN-DONOR-a58c5603935e435f,Fort Worth,Texas,No,931
SYN-DONOR-17cf6f87a0b148d6,Naperville,Illinois,No,833
SYN-DONOR-fd9b3bf20ea74213,San Diego,California,No,265
SYN-DONOR-35ca8a02fee44f3a,Rockford,Illinois,No,643
SYN-DONOR-6d75a4ee9ace49bf,Paris,other,No,319
SYN-DONOR-fa2468bde4f84d0f,Sacramento,California,No,333
SYN-DONOR-ab4b83021df84efe,Raleigh,North Carolina,No,300
SYN-DONOR-97958b83cd0445b2,Austin,Texas,No,065
SYN-DONOR-649e4df523fd49c4,San Antonio,Texas,Yes,742
SYN-DONOR-be12bbe54a754b7f,Chicago,Illinois,Yes,773
SYN-DONOR-03fd879b076b45ab,Fort Worth,Texas,No,097
SYN-DONOR-514e2164d3094202,Raleigh,North Carolina,No,456
SYN-DONOR-22f27007339e46c9,Bronx,New York,No,772
SYN-DONOR-25f8c466c16a4841,Charlotte,North Carolina,Yes,461
SYN-DONOR-75de0bedb5174a90,Los Angeles,California,No,471
SYN-DONOR-6cb2ed5edd604f40,San Diego,California,No,338
SYN-DONOR-1e1460e26efb4806,Bronx,New York,No,772
SYN-DONOR-ae275705a56a4125,Sacramento,California,No,310
SYN-DONOR-a3f290e484b3411e,Tampa,Florida,No,801
SYN-DONOR-5ee2a186ba2044ed,Durham,North Carolina,No,673
SYN-DONOR-0a6861c764984049,Evanston,Illinois,No,081
SYN-DONOR-03b13fc3ffe4445b,Sacramento,California,Yes,443
SYN-DONOR-03d5a125ccab45ce,Austin,Texas,No,229
SYN-DONOR-85a60a82214f43bc,Sacramento,California,No,903
SYN-DONOR-fb3ef5d396614ae2,Miami,Florida,No,818
SYN-DONOR-7692a23e040547c3,San Antonio,Texas,Yes,516
SYN-DONOR-b9d134e0255d4277,Rochester,New York,No,636
SYN-DONOR-48b37769ae1b4f03,Brooklyn,New York,No,647
SYN-DONOR-ee911874b54a40e0,Chicago,Illinois,No,376
SYN-DONOR-98652011fb8a44a1,Paris,other,Yes,319
SYN-DONOR-34fd4db565cd47cb,London,other,No,110
SYN-DONOR-6981df272f0e4132,Miami,Florida,No,799
SYN-DONOR-9edef320ced84b20,Chicago,Illinois,Yes,937
SYN-DONOR-e926863a82c04625,Aurora,Illinois,No,312
SYN-DONOR-d639940981a94e74,London,other,No,127
SYN-DONOR-606580922a1548cc,Bronx,New York,No,475
SYN-DONOR-7dca1798859b4c69,Sacramento,California,No,110
SYN-DONOR-435ccdd1819e40b8,Los Angeles,California,No,999
SYN-DONOR-9aa1b4bc1de34643,Dallas,Texas,Yes,671
SYN-DONOR-b44e42b834914d3d,Fort Worth,Texas,No,931
SYN-DONOR-231f6cc847ee489f,Sacramento,California,Yes,018
SYN-DONOR-f0c05540cce74500,San Francisco,California,No,728
SYN-DONOR-a544f06a33864a1c,Miami,Florida,No,474
SYN-DONOR-155cde30f86f4f9d,El Paso,Texas,Yes,423
SYN-DONOR-ea5aac3917f34aeb,Brooklyn,New York,No,075
SYN-DONOR-46bb90b32dda4f3d,Raleigh,North Carolina,No,864
SYN-DONOR-46559b7f77c44074,Fort Worth,Texas,Yes,097
SYN-DONOR-4c018f4abf8e4e53,Chicago,Illinois,No,982
SYN-DONOR-3e54f77166bd4524,Los Angeles,California,No,471
SYN-DONOR-b1de7cefcceb4d24,San Jose,California,No,022
SYN-DONOR-e638b1dc94544d71,Rochester,New York,No,965
SYN-DONOR-d9870791d1d54fad,Austin,Texas,No,083
SYN-DONOR-8aa3712463294647,Buffalo,New York,Yes,267
SYN-DONOR-a1224c57b3c44b40,San Jose,California,No,022
SYN-DONOR-b152000a11904fe3,Miami,Florida,No,474
SYN-DONOR-d5a184d208c34b1b,Oakland,California,No,205
SYN-DONOR-70e8f3370b534e76,Rockford,Illinois,No,770
SYN-DONOR-eedbcc04920647a7,San Francisco,California,No,728
SYN-DONOR-8cfa3b5830224b34,San Diego,California,Yes,399
SYN-DONOR-6d44c745dec548de,San Antonio,Texas,No,742
SYN-DONOR-0f693f9d24ac439c,Paris,other,No,539
SYN-DONOR-69d25488e16a4540,Houston,Texas,No,173
SYN-DONOR-93015bc487ac4a7c,Sacramento,California,No,110
SYN-DONOR-ddda46409c664909,Dallas,Texas,No,260
SYN-DONOR-e25bd240050b4024,Austin,Texas,No,876
SYN-DONOR-9d7c7eeb7c364e79,Houston,Texas,No,173
SYN-DONOR-8ed1dcde22a6427d,Naperville,Illinois,No,701
SYN-DONOR-1c3cb0acb8404af6,Sacramento,California,No,018
SYN-DONOR-68c3d26af2624e8c,Charlotte,North Carolina,No,793
SYN-DONOR-4d2a76d4f1db4559,Tampa,Florida,No,801
SYN-DONOR-131d1d7254bc4ec4,Fort Worth,Texas,No,931
SYN-DONOR-2de5934288ff4bf2,Oakland,California,No,859
SYN-DONOR-b04d6ab2630e4bdb,San Francisco,California,No,370
SYN-DONOR-abc534e7ee694756,Naperville,Illinois,No,758
SYN-DONOR-b233ba7458b54665,San Jose,California,Yes,491
SYN-DONOR-e002b44e2e734bbc,Austin,Texas,No,065
SYN-DONOR-300a46e18c6d42f2,Chicago,Illinois,No,937
SYN-DONOR-c2876c185730425f,Bronx,New York,Yes,858
SYN-DONOR-99a7d51e1b2846cc,Queens,New York,No,086
SYN-DONOR-74765293fcf54888,San Antonio,Texas,Yes,742
SYN-DONOR-16a0ccce080048a4,Los Angeles,California,No,245
SYN-DONOR-87c16d7bc1e94b49,Los Angeles,California,No,471
SYN-DONOR-294b08d5f5bc4f61,San Francisco,California,No,370
SYN-DONOR-2b11f12f79f84c28,Brooklyn,New York,No,722
SYN-DONOR-5a4a6eb4664f42b7,San Diego,California,No,435
SYN-DONOR-8e960c08a56641f6,Orlando,Florida,Yes,529
SYN-DONOR-7a3319ed653649de,San Francisco,California,No,218
SYN-DONOR-fff6e2ce7c1d4fdb,Orlando,Florida,No,036
SYN-DONOR-41ebf124fe6c4b8a,Chicago,Illinois,No,982
SYN-DONOR-00de44accc8048b4,Houston,Texas,No,363
SYN-DONOR-7727fe09740a415f,San Diego,California,No,643
SYN-DONOR-df20c593d08945c9,Brooklyn,New York,No,722
SYN-DONOR-906b5797dc9e451d,Greensboro,North Carolina,No,521
SYN-DONOR-9a077f190ba648aa,San Diego,California,No,226
SYN-DONOR-d9008525af3d419c,Dallas,Texas,Yes,403
SYN-DONOR-406f736c28254152,Naperville,Illinois,No,894
SYN-DONOR-f8b079f78e8149da,Tampa,Florida,No,801
SYN-DONOR-f74ecd3d46204096,New York,New York,No,440
SYN-DONOR-6619a8d9a3eb43c4,Evanston,Illinois,No,120
SYN-DONOR-c8499b1a37624da9,Evanston,Illinois,No,120
SYN-DONOR-b2e1c29df9f24ec3,San Jose,California,No,796
SYN-DONOR-e2858a6e03b74da0,Austin,Texas,No,922
SYN-DONOR-5878e042eda64930,Paris,other,No,539
SYN-DONOR-64f55207a0f44b02,New York,New York,No,440
SYN-DONOR-f213c1d3b3a74202,Los Angeles,California,No,321
SYN-DONOR-3fb4b173236445db,New York,New York,Yes,440
SYN-DONOR-6437a3a4c9cc4ce8,Buffalo,New York,No,758
SYN-DONOR-42ee68fd0d534840,Los Angeles,California,No,999
SYN-DONOR-3eeb630bea8a4f80,Rockford,Illinois,No,954
SYN-DONOR-b4e45c8d2684440e,Naperville,Illinois,No,701
SYN-DONOR-5792523a34834831,New York,New York,No,225
SYN-DONOR-935f80a394664f66,San Diego,California,No,911
SYN-DONOR-8597abaabed84bd1,Miami,Florida,No,204
SYN-DONOR-de7f7161a8264fa7,Aurora,Illinois,No,299
SYN-DONOR-4f260b91d6f14683,Rochester,New York,Yes,550
SYN-DONOR-233f0ae5a7a34cab,Charlotte,North Carolina,No,793
SYN-DONOR-f30282f667e54051,Sacramento,California,No,707
SYN-DONOR-3d21aee9c9124ef1,Brooklyn,New York,Yes,722
SYN-DONOR-26dd646bf2484696,Oakland,California,No,286
SYN-DONOR-be139eafd4374423,Brooklyn,New York,Yes,728
SYN-DONOR-e50138582ebe4255,Houston,Texas,No,363
SYN-DONOR-fe26bc2e64a74ce9,San Jose,California,Yes,972
SYN-DONOR-dd15d1d39cf54ec3,Austin,Texas,No,083
SYN-DONOR-6ed33c5bca384166,Naperville,Illinois,Yes,689
SYN-DONOR-ff3b49f05df84289,El Paso,Texas,Yes,941
SYN-DONOR-4a3bea3ded2d40b7,New York,New York,Yes,225
SYN-DONOR-9889d3d5ad4843b0,New York,New York,Yes,930
SYN-DONOR-9c80888d9af24842,Tampa,Florida,No,801
SYN-DONOR-5749798d5f5f4b90,Orlando,Florida,No,529
SYN-DONOR-166295957474488d,El Paso,Texas,No,668
SYN-DONOR-38100cc4cd9f4565,Raleigh,North Carolina,No,864
SYN-DONOR-08f2622142284b67,Brooklyn,New York,No,139
SYN-DONOR-fb33c18150ec4590,Evanston,Illinois,No,120
SYN-DONOR-0d3ba835ad504ed5,San Francisco,California,No,379
SYN-DONOR-6e3353530dea4e93,San Diego,California,No,399
SYN-DONOR-c63cf606169c4a7e,Jacksonville,Florida,No,942
SYN-DONOR-be885dc56adb4cc5,San Antonio,Texas,No,516
SYN-DONOR-dc126aee3da14780,San Jose,California,No,447
SYN-DONOR-1d8d6d7755824366,San Jose,California,Yes,850
SYN-DONOR-9fcfaa075c0d4122,Rochester,New York,No,011
SYN-DONOR-9752a93ad1ab4370,Sacramento,California,No,705
SYN-DONOR-2ad8f6814b434602,Jacksonville,Florida,No,942
SYN-DONOR-b0a932b177254e3d,San Diego,California,No,435
SYN-DONOR-2b1f5d64d6f2446e,Brooklyn,New York,No,722
SYN-DONOR-c2fb4c841ed2433f,Rochester,New York,No,011
SYN-DONOR-dc7eb4e590324ca9,Orlando,Florida,No,036
SYN-DONOR-7b43070f938e48ed,Los Angeles,California,No,853
SYN-DONOR-66c49dbaea8f44b2,Jacksonville,Florida,No,600
SYN-DONOR-fdb0b6b73edf48a5,Queens,New York,No,790
SYN-DONOR-e66347b20ad24c20,Naperville,Illinois,Yes,894
SYN-DONOR-96fccfe984144c3e,Sacramento,California,No,333
SYN-DONOR-ce5f8cd03b1f4363,San Antonio,Texas,Yes,777
SYN-DONOR-b5dd8b859b5545f6,Naperville,Illinois,No,833
SYN-DONOR-a24a36b895c74a1d,Chicago,Illinois,Yes,982
SYN-DONOR-31dd3e8707c54ab8,San Antonio,Texas,No,742
SYN-DONOR-c18472236d2646b0,London,other,No,110
SYN-DONOR-443d4af880f14249,Fort Worth,Texas,Yes,459
SYN-DONOR-db96dd09fe094a60,Queens,New York,No,688
SYN-DONOR-9c60a4949b21432f,Orlando,Florida,No,036
SYN-DONOR-c1b5ae27df8845ad,Brooklyn,New York,No,728
SYN-DONOR-c673838a617748a8,Dallas,Texas,No,671
SYN-DONOR-8aaea17f264240d7,Raleigh,North Carolina,No,507
SYN-DONOR-e731ce980a744781,New York,New York,Yes,381
SYN-DONOR-b8ed8cedb920466b,Brooklyn,New York,No,268
SYN-DONOR-5bce628bc8ee4999,Sacramento,California,Yes,903
SYN-DONOR-152b6c9e0bd14def,Oakland,California,Yes,112
SYN-DONOR-df917dd5b59d469c,San Diego,California,Yes,563
SYN-DONOR-7bc1bc407ab7455d,Orlando,Florida,Yes,529
SYN-DONOR-aa9f4e78ef0e47aa,Queens,New York,No,790
SYN-DONOR-21b8d09e67864234,San Jose,California,No,022
SYN-DONOR-648e375ef1e642a6,Austin,Texas,No,083
SYN-DONOR-99d3a7ce9e2a4ed0,El Paso,Texas,Yes,627
SYN-DONOR-66b9cca91305498f,El Paso,Texas,No,627
SYN-DONOR-0533109316824c39,El Paso,Texas,No,627
SYN-DONOR-1892b14c49e145ec,San Jose,California,No,022
SYN-DONOR-f81d55952bbd41b4,El Paso,Texas,No,212
SYN-DONOR-d7ea8bbcf4084ddb,San Diego,California,No,643
SYN-DONOR-978d85caa05d4320,Sacramento,California,No,110
SYN-DONOR-3f872103f67c42ac,Paris,other,No,790
SYN-DONOR-380a902adabd41b6,Jacksonville,Florida,No,942
SYN-DONOR-3b14f94711404c00,Tallahassee,Florida,No,365
SYN-DONOR-9c9640a45ef54eef,Oakland,California,No,286
SYN-DONOR-31573214437b42f7,Jacksonville,Florida,No,651
SYN-DONOR-847f61045b754ea5,Naperville,Illinois,No,689
SYN-DONOR-8c408e537fa64d06,Fort Worth,Texas,No,234
SYN-DONOR-2490599d9b2e4b13,Buffalo,New York,No,267
SYN-DONOR-9c3ce86144254ccd,Miami,Florida,No,204
SYN-DONOR-0b3458bd7bd8419a,Jacksonville,Florida,No,651
SYN-DONOR-e70d1123352f467c,Naperville,Illinois,Yes,249
SYN-DONOR-229eaa6c8b824172,Durham,North Carolina,No,312
SYN-DONOR-463c19ff89864050,Los Angeles,California,No,245
SYN-DONOR-4fa1084ea5f547f9,Raleigh,North Carolina,No,409
SYN-DONOR-26329d992318437d,Naperville,Illinois,No,833
SYN-DONOR-dc058a64c41b4535,San Francisco,California,No,161
SYN-DONOR-82198c2a8a0c4aef,San Francisco,California,No,563
SYN-DONOR-712b3fe8ec2748f3,Aurora,Illinois,No,312
SYN-DONOR-b223ef6fa1f24490,London,other,No,110
SYN-DONOR-6342cab65b5046d8,Brooklyn,New York,No,377
SYN-DONOR-3098d101a53a4c25,Brooklyn,New York,No,240
SYN-DONOR-a3527b58d788400a,Oakland,California,No,286
SYN-DONOR-d601d6ade4a740e4,Naperville,Illinois,No,701
SYN-DONOR-6bc69c4b76964b84,Brooklyn,New York,No,139
SYN-DONOR-b3757fba6aae45bb,Houston,Texas,No,173
SYN-DONOR-2d69d8ee1dd84b3e,Chicago,Illinois,Yes,376
SYN-DONOR-eca4be34ccdd4c86,Charlotte,North Carolina,No,793
SYN-DONOR-184bec95e6d64e4e,Miami,Florida,No,204
SYN-DONOR-42b9d537bd694ba9,Evanston,Illinois,Yes,081
SYN-DONOR-d3a4b6ed483d444f,Queens,New York,No,833
SYN-DONOR-125a070ff0f04aae,Oakland,California,No,286
SYN-DONOR-1607b513d8c34c68,Raleigh,North Carolina,Yes,456
SYN-DONOR-4ee8c5f98ec74d6f,Paris,other,No,539
SYN-DONOR-1b58dc880e8a4927,San Francisco,California,No,161
SYN-DONOR-678c964da57443f9,Fort Worth,Texas,No,234
SYN-DONOR-d6c07e82fe1c4322,Oakland,California,No,427
SYN-DONOR-37137f3c2ff84820,Jacksonville,Florida,No,942
SYN-DONOR-6bcf47620cdf4dbd,Rochester,New York,No,965
SYN-DONOR-74f56e5e5e8f4ba9,Evanston,Illinois,No,144
SYN-DONOR-8fe3287fa6724a4c,Raleigh,North Carolina,Yes,864
SYN-DONOR-f479e201d26c4d84,Brooklyn,New York,No,647
SYN-DONOR-ba5ab81cf08744d1,Sacramento,California,Yes,443
SYN-DONOR-0528c2669e2d4084,Brooklyn,New York,No,268
SYN-DONOR-11db2370b4a841b0,Houston,Texas,No,363
SYN-DONOR-8f7c3fb2d5c64418,Paris,other,Yes,319
SYN-DONOR-1499e0f0b11d4b0e,Rockford,Illinois,Yes,954
SYN-DONOR-bb941a13a6a54194,Brooklyn,New York,No,075
SYN-DONOR-bbaec981768842d0,El Paso,Texas,No,668
SYN-DONOR-0932bf9f01a94c72,New York,New York,Yes,166
SYN-DONOR-dba295daffb442e4,Queens,New York,No,984
SYN-DONOR-0f4ba7323284410e,San Diego,California,No,563
SYN-DONOR-f37ad0a9421545cd,Fort Worth,Texas,No,931
SYN-DONOR-b0a5c884af5e4150,Sacramento,California,No,443
SYN-DONOR-b034d1cfbe5b43d8,Rockford,Illinois,No,435
SYN-DONOR-2bec2202bf934604,San Jose,California,Yes,354
SYN-DONOR-725f0cb00ba44379,Rochester,New York,No,584
SYN-DONOR-6a3112cf8cee42a9,Aurora,Illinois,Yes,515
SYN-DONOR-e9ef877b4cbc4786,Buffalo,New York,No,251
SYN-DONOR-ab93c16409c84ea5,Sacramento,California,No,705
SYN-DONOR-f064f1f9a163456b,Brooklyn,New York,No,240
SYN-DONOR-8e837743b4d04f51,Rochester,New York,Yes,445
SYN-DONOR-38417820fc864149,Miami,Florida,No,204
SYN-DONOR-043dad26b46440a5,San Francisco,California,Yes,728
SYN-DONOR-d6379745e3c7422f,Tampa,Florida,No,530
SYN-DONOR-91c899e9fecd4ef4,London,other,No,127
SYN-DONOR-410a1440316d4fb3,San Jose,California,No,491
SYN-DONOR-311600d96e8a453f,San Diego,California,Yes,338
SYN-DONOR-4a33cebdf99b49de,San Jose,California,No,491
SYN-DONOR-1e1a713bb9854828,Austin,Texas,No,945
SYN-DONOR-9c4067ae875c4ccb,Los Angeles,California,No,321
SYN-DONOR-c797ab4c18bb48c0,Jacksonville,Florida,No,571
SYN-DONOR-f8e602e2c9be4868,Tallahassee,Florida,Yes,813
SYN-DONOR-a8871ae2c0c446ce,Sacramento,California,Yes,705
SYN-DONOR-b48e50b2e7734567,San Diego,California,No,563
SYN-DONOR-4693ef890816448b,Miami,Florida,No,204
SYN-DONOR-6ba6c10497f443df,Tampa,Florida,No,530
SYN-DONOR-ca8082f0cc8d4708,Paris,other,Yes,790
SYN-DONOR-30b84a4e49ff4d44,Fort Worth,Texas,No,097
SYN-DONOR-9dbf7493ef8140b3,Los Angeles,California,No,245
SYN-DONOR-998ba4ddf70f4ece,San Francisco,California,No,218
SYN-DONOR-9001dc0506a647db,Evanston,Illinois,No,120
SYN-DONOR-71caf2a5f0944fca,Naperville,Illinois,No,156
SYN-DONOR-a79006d9f3f0468c,San Francisco,California,No,114
SYN-DONOR-97a84d51de804dd4,San Diego,California,No,911
SYN-DONOR-b4b8748da527464c,Dallas,Texas,No,403
SYN-DONOR-1a42244e28b0411e,Tallahassee,Florida,No,365
SYN-DONOR-7e8dbf274f9d4da0,Aurora,Illinois,No,299
SYN-DONOR-50e8daea3bf443e3,Naperville,Illinois,Yes,701
SYN-DONOR-3627cc1d758b448e,Oakland,California,No,097
SYN-DONOR-168723882ed44820,Chicago,Illinois,Yes,655
SYN-DONOR-6b10c520f7334dd0,Buffalo,New York,No,267
SYN-DONOR-e06b1d0928cb4a62,Tampa,Florida,No,035
SYN-DONOR-9fe1a9acceeb4e97,Brooklyn,New York,Yes,139
SYN-DONOR-c275a468ec2248cc,Miami,Florida,Yes,474
SYN-DONOR-1078a7ae0a034ac7,Charlotte,North Carolina,No,793
SYN-DONOR-4615c86124974936,Dallas,Texas,No,671
SYN-DONOR-55b32ddb4dcf4229,Sacramento,California,No,255
SYN-DONOR-f88b08df83304851,Raleigh,North Carolina,Yes,456
SYN-DONOR-b36f8765b1f045b2,Tampa,Florida,No,035
SYN-DONOR-b82e5376da2a4f41,Buffalo,New York,No,267
SYN-DONOR-8a856eb0ec7e4f74,Jacksonville,Florida,Yes,942
SYN-DONOR-8c0ff0d0ecb44311,Jacksonville,Florida,No,651
SYN-DONOR-5c0ae588fa854a1b,Oakland,California,No,859
SYN-DONOR-ed19a320a28144dd,Los Angeles,California,No,998
SYN-DONOR-fe403ac7fcdb476b,New York,New York,Yes,590
SYN-DONOR-3b9e864954ad42f1,Naperville,Illinois,No,758
SYN-DONOR-d96fef69cc234b40,Sacramento,California,No,310
SYN-DONOR-7528c9fa227e482e,Houston,Texas,No,173
SYN-DONOR-afec43404049409e,New York,New York,No,620
SYN-DONOR-a910ad7b592d4058,Queens,New York,No,092
SYN-DONOR-b71b2e1bee8f4b97,Rockford,Illinois,No,643
SYN-DONOR-4c051217e5954d45,Austin,Texas,Yes,065
SYN-DONOR-0ba7a2e5e22a4bd6,Naperville,Illinois,No,971
SYN-DONOR-bb27dcafe06c4bd1,San Francisco,California,No,114
SYN-DONOR-e953070e89c849d2,Sacramento,California,No,310
SYN-DONOR-9ed99cf1880f4444,Tampa,Florida,No,530
SYN-DONOR-a6e068c429b74063,Raleigh,North Carolina,No,507
SYN-DONOR-f0d171e42acb4c14,San Jose,California,Yes,354
SYN-DONOR-c158a0fc3ea144b1,Buffalo,New York,No,612
SYN-DONOR-87a98f489e344f31,Queens,New York,No,092
SYN-DONOR-480e1247d05d4090,San Jose,California,Yes,972
SYN-DONOR-a757a2f1e8a94276,New York,New York,No,381
SYN-DONOR-ed0b6b6caeb54220,San Francisco,California,Yes,295
SYN-DONOR-ea046c8d483143fc,Rochester,New York,No,965
SYN-DONOR-722cec8cc12f47b0,Sacramento,California,No,018
SYN-DONOR-bdb7996fa09849ec,El Paso,Texas,No,668
SYN-DONOR-e6be62d08e054987,New York,New York,No,440
SYN-DONOR-17eed2d86c3e411f,Oakland,California,No,097
SYN-DONOR-f350be0ec66d46f9,Tallahassee,Florida,Yes,031
SYN-DONOR-5159ade1c14f4b1e,Charlotte,North Carolina,Yes,793
SYN-DONOR-a5bfc181fd7b4a94,Aurora,Illinois,No,788
SYN-DONOR-13b6ec135d254737,Sacramento,California,No,443
SYN-DONOR-7c311e7477644b7b,Paris,other,No,319
SYN-DONOR-26324dd0e20e4c82,Brooklyn,New York,No,139
SYN-DONOR-7a9242067a8e4461,Evanston,Illinois,No,144
SYN-DONOR-e71cb89677e348a5,Dallas,Texas,No,671
SYN-DONOR-4ee7c6c80ae14868,Fort Worth,Texas,Yes,097
SYN-DONOR-014d1613bac8498f,San Jose,California,No,354
SYN-DONOR-da69e14b3a5b4ea1,Naperville,Illinois,No,647
SYN-DONOR-73b75824f38b411e,Oakland,California,No,112
SYN-DONOR-16fe0634e7644418,Rockford,Illinois,Yes,770
SYN-DONOR-c1c95411e6284fab,London,other,No,127
SYN-DONOR-113e5319851042f9,San Antonio,Texas,No,777
SYN-DONOR-4f8c413be8074521,San Diego,California,No,399
SYN-DONOR-bf61305de4244c4d,Chicago,Illinois,No,891
SYN-DONOR-81910446428e4323,Oakland,California,No,097
SYN-DONOR-735b197dd1a4497c,Sacramento,California,Yes,705
SYN-DONOR-a7a077ba11d249b4,Rockford,Illinois,No,770
SYN-DONOR-8ba31bd944314c3e,New York,New York,No,166
SYN-DONOR-ade860acbca74129,Rockford,Illinois,No,770
SYN-DONOR-ae0b32d4b1f84038,Aurora,Illinois,No,312
SYN-DONOR-cb93cd47248c483c,Los Angeles,California,Yes,471
SYN-DONOR-613df60e800e4c68,San Francisco,California,No,161
SYN-DONOR-16b165a19a1746cf,Los Angeles,California,No,321
SYN-DONOR-9be2d6f21cb843f7,Durham,North Carolina,Yes,673
SYN-DONOR-4991cb293b4040ba,Aurora,Illinois,No,515
SYN-DONOR-af9cda0ccd0344fa,San Diego,California,No,226
SYN-DONOR-802aba714e4e4cbc,Fort Worth,Texas,No,459
SYN-DONOR-2d1ae44daab54fef,Jacksonville,Florida,No,942
SYN-DONOR-f8b51d2bbebb480c,Greensboro,North Carolina,No,521
SYN-DONOR-c487aa4ac23848dc,Austin,Texas,No,945
SYN-DONOR-0e77f208838c4b2f,Miami,Florida,No,799
SYN-DONOR-81fdef9f483d456d,San Antonio,Texas,No,742
SYN-DONOR-a8cf4194fd6646ef,Bronx,New York,Yes,858
SYN-DONOR-9e6824e6bba34af6,Buffalo,New York,No,612
SYN-DONOR-8981c623235e4b69,Austin,Texas,No,743
SYN-DONOR-200a4db7ca9a46ac,Los Angeles,California,No,363
SYN-DONOR-a058482a778744dd,Los Angeles,California,No,189
SYN-DONOR-1a6b88fd012a43e7,Rochester,New York,No,550
SYN-DONOR-c7baec75f7984dde,El Paso,Texas,No,668
SYN-DONOR-f7d3c93e91bc4923,Chicago,Illinois,No,835
SYN-DONOR-970afeeb572a4d82,Queens,New York,No,688
SYN-DONOR-179ba55d1c6d4d39,Tallahassee,Florida,No,031
SYN-DONOR-dac814f0f9c241b3,Miami,Florida,No,474
SYN-DONOR-344388b94ab7432a,San Jose,California,No,955
SYN-DONOR-a191cb3905d340f9,Los Angeles,California,No,363
SYN-DONOR-e9cf405d294c4a9f,San Antonio,Texas,No,777
SYN-DONOR-02801245be63448c,Los Angeles,California,No,245
SYN-DONOR-0de442d505a84a32,Chicago,Illinois,No,655
SYN-DONOR-44f1e136c3bf4538,San Jose,California,No,354
SYN-DONOR-ed64e27634eb448c,Fort Worth,Texas,Yes,097
SYN-DONOR-fe9a3efcb7fa4f5b,San Diego,California,No,563
SYN-DONOR-5944fbd4823949c1,Oakland,California,No,716
SYN-DONOR-8c5395f653df45c1,Naperville,Illinois,No,156
SYN-DONOR-245c69e667cd4552,Buffalo,New York,No,612
SYN-DONOR-56e9ef15f9cb4815,Miami,Florida,Yes,799
SYN-DONOR-d6dfd9d02dd14dab,Austin,Texas,Yes,083
SYN-DONOR-9843b05a420c4394,Sacramento,California,No,903
SYN-DONOR-2ee2bf836d5e4995,El Paso,Texas,Yes,747
SYN-DONOR-1af09e21055746de,Naperville,Illinois,No,934
SYN-DONOR-1929afac93c5459e,Chicago,Illinois,Yes,773
SYN-DONOR-d4d1057f4ce54051,Chicago,Illinois,No,376
SYN-DONOR-6629352b5e7e41a1,Fort Worth,Texas,No,061
SYN-DONOR-bf118215a7644bf0,Rochester,New York,Yes,445
SYN-DONOR-949d2ad8b7094132,Sacramento,California,No,018
SYN-DONOR-b62d7eecf4c74cd8,Oakland,California,Yes,205
SYN-DONOR-7e307ee37b1c4838,Brooklyn,New York,No,722
SYN-DONOR-7bcbdece79d44822,Oakland,California,Yes,716
SYN-DONOR-5067a276ea144d9f,Miami,Florida,No,474
SYN-DONOR-168ed35a811b4ade,Los Angeles,California,No,471
SYN-DONOR-0e6c9f19cfb24d79,Orlando,Florida,No,119
SYN-DONOR-56db61b6ee8e4d7e,Sacramento,California,No,255
SYN-DONOR-536495448a684bb1,Orlando,Florida,No,036
SYN-DONOR-5d82415449d44822,Chicago,Illinois,Yes,376
SYN-DONOR-4d250436b7fc4c91,San Diego,California,No,911
SYN-DONOR-aad806d69a6c4aa1,Tallahassee,Florida,Yes,031
SYN-DONOR-f59d48aaa0dc4a25,Queens,New York,Yes,833
SYN-DONOR-bb735235d8c04411,San Francisco,California,Yes,370
SYN-DONOR-c8c3449931f04952,Los Angeles,California,No,830
SYN-DONOR-18b16a6c96364646,Tampa,Florida,No,801
SYN-DONOR-a106259458c74c2a,San Jose,California,Yes,955
SYN-DONOR-b12d1adf63f44df5,Chicago,Illinois,No,773
SYN-DONOR-0a18933a61c24704,Orlando,Florida,No,036
SYN-DONOR-845b03af31954a6d,London,other,Yes,110
SYN-DONOR-531dad879a414ba8,Evanston,Illinois,No,120
SYN-DONOR-2a8077eecd06496a,Naperville,Illinois,Yes,833
SYN-DONOR-7b1b6dd549e44f6a,Miami,Florida,No,563
SYN-DONOR-2f37549898d341af,Tampa,Florida,No,801
SYN-DONOR-13e4163c95fa467f,Rockford,Illinois,No,954
SYN-DONOR-858877d3013445c7,San Jose,California,No,972
SYN-DONOR-2a2e24aeef7b448a,Miami,Florida,No,250
SYN-DONOR-23b13a18b9c3408e,Los Angeles,California,No,363
SYN-DONOR-5d5812a81cc24ff1,El Paso,Texas,No,423
SYN-DONOR-231bafb1909848c0,New York,New York,Yes,555
SYN-DONOR-5220d688954d4aab,Rockford,Illinois,Yes,886
SYN-DONOR-e318f1dd6e214e21,Miami,Florida,Yes,474
SYN-DONOR-c143b819f0cf4189,Unknown,other,Yes,342
SYN-DONOR-dc69c79056a84e12,Rochester,New York,Yes,636
SYN-DONOR-533b329c20d14229,Rockford,Illinois,No,886
SYN-DONOR-2019b5d1f7d843b1,San Jose,California,No,955
SYN-DONOR-0034abceb46f42b0,Oakland,California,No,474
SYN-DONOR-9b54e06022664808,Chicago,Illinois,No,982
SYN-DONOR-d05793a7d8aa4f03,Sacramento,California,No,310
SYN-DONOR-8d54f655f21b478d,Raleigh,North Carolina,No,507
SYN-DONOR-4a1788638e54466e,Fort Worth,Texas,Yes,061
SYN-DONOR-108a14029e13435d,San Diego,California,No,338
SYN-DONOR-0d58c28890c7423b,Buffalo,New York,Yes,251
SYN-DONOR-390adf60b22144b4,El Paso,Texas,Yes,061
SYN-DONOR-e8bacd9917304ac8,New York,New York,Yes,590
SYN-DONOR-9db5d57c83744bbf,Raleigh,North Carolina,No,456
SYN-DONOR-18994a2119a74118,New York,New York,No,381
SYN-DONOR-a907284bba6a4d58,Oakland,California,No,859
SYN-DONOR-4122951f3dff487e,Paris,other,Yes,319
SYN-DONOR-ccb1b336e0c44008,Greensboro,North Carolina,No,521
SYN-DONOR-f74c2fe73be24e20,Miami,Florida,No,204
SYN-DONOR-a35157ec0fda4a44,Naperville,Illinois,No,291
SYN-DONOR-7e4c8c0605d94471,Dallas,Texas,No,403
SYN-DONOR-e74edb782de34d65,Oakland,California,Yes,859
SYN-DONOR-c818ba9517d34c7a,Buffalo,New York,No,267
SYN-DONOR-890d82c07b8b4124,Brooklyn,New York,No,647
SYN-DONOR-269cac39de6c4b5d,Austin,Texas,No,876
SYN-DONOR-ee7a1dcecbac4710,Naperville,Illinois,No,647
SYN-DONOR-ded4b34a2cab4736,Miami,Florida,No,799
SYN-DONOR-2ca219bd206d4620,Queens,New York,No,984
SYN-DONOR-8cf039be5d4240cf,Dallas,Texas,Yes,260
SYN-DONOR-733722ae32e34ce0,Naperville,Illinois,No,701
SYN-DONOR-7a144cf3469c4337,Sacramento,California,Yes,310
SYN-DONOR-a1c24b49254a4b61,Los Angeles,California,Yes,998
SYN-DONOR-1aea587182d944d4,Orlando,Florida,No,119
SYN-DONOR-e78fd1cd69b747fd,Naperville,Illinois,Yes,971
SYN-DONOR-1286936b24ec4fbc,Naperville,Illinois,No,701
SYN-DONOR-1ecbbdecc99048d0,San Diego,California,No,643
SYN-DONOR-f592eb913f7b4365,San Diego,California,No,338
SYN-DONOR-19de997c4197482c,San Diego,California,Yes,226
SYN-DONOR-f1bb6016f54c4fd2,Orlando,Florida,No,036
SYN-DONOR-790b37a56f52425d,Dallas,Texas,No,695
SYN-DONOR-cf1c049100794622,San Jose,California,No,022
SYN-DONOR-c82bca05fec640fa,Houston,Texas,Yes,559
SYN-DONOR-fa094fb6f9bc405d,Oakland,California,Yes,427
SYN-DONOR-53941486d7ee40cf,Sacramento,California,No,310
SYN-DONOR-24a27d8fb0784a3a,Naperville,Illinois,No,249
SYN-DONOR-73d28e4f819f40c3,Naperville,Illinois,Yes,833
SYN-DONOR-75b04cfcaadd4f7f,Houston,Texas,No,173
SYN-DONOR-f91ede6384224aa8,San Diego,California,No,911
SYN-DONOR-af11a9e65221430b,Rochester,New York,No,445
SYN-DONOR-1d981242d9d2455d,Fort Worth,Texas,No,097
SYN-DONOR-10abe86061db4010,Charlotte,North Carolina,No,277
SYN-DONOR-0275cabd0b734b15,Austin,Texas,No,065
SYN-DONOR-370acc2d86234035,Queens,New York,No,833
SYN-DONOR-e0eff775a9c043da,Raleigh,North Carolina,Yes,864
SYN-DONOR-5f6511ef6ee94054,Oakland,California,No,093
SYN-DONOR-7c6a67362f2b4075,London,other,No,127
SYN-DONOR-a92f818e62304b41,Greensboro,North Carolina,No,521
SYN-DONOR-098179e843ec4333,Jacksonville,Florida,No,942
SYN-DONOR-b2957cabbacc4d16,Jacksonville,Florida,No,263
SYN-DONOR-4bc5d0a5f16f4f9a,Brooklyn,New York,No,268
SYN-DONOR-855886ca545c416b,Houston,Texas,No,173
SYN-DONOR-4877d9bd019d458f,El Paso,Texas,No,061
SYN-DONOR-93bbabdbff654d8b,Los Angeles,California,No,321
SYN-DONOR-6f1359d5d6fa41d9,Jacksonville,Florida,No,263
SYN-DONOR-d6d7550b0db74378,El Paso,Texas,Yes,747
SYN-DONOR-12f4e6014c4c4e3b,San Antonio,Texas,No,777
SYN-DONOR-33e573b42f994c91,Los Angeles,California,Yes,420
SYN-DONOR-9cda13b929b54376,Fort Worth,Texas,No,111
SYN-DONOR-71c4b09449cf4875,Rockford,Illinois,Yes,954
SYN-DONOR-8240076f5afd4cd6,Greensboro,North Carolina,No,883
SYN-DONOR-2c547bfd893e48d5,Los Angeles,California,Yes,243
SYN-DONOR-3e8419e3988d4553,Queens,New York,No,086
SYN-DONOR-5fe84fb8291d4b7b,Rockford,Illinois,No,670
SYN-DONOR-c6a893be6bcf4ad8,New York,New York,No,166
SYN-DONOR-0b15dac459a14f91,Chicago,Illinois,No,891
SYN-DONOR-8b35419832ea483d,Oakland,California,No,474
SYN-DONOR-6c569865ea3e4eca,Evanston,Illinois,No,144
SYN-DONOR-1641aa4c64a04164,Rockford,Illinois,No,770
SYN-DONOR-c4beb96dffc94a18,Sacramento,California,Yes,333
SYN-DONOR-8a3f4a52c4994401,San Diego,California,No,718
SYN-DONOR-5b888045be694587,Austin,Texas,Yes,922
SYN-DONOR-173f4fb6d9094ad0,Naperville,Illinois,No,291
SYN-DONOR-ee2e0ae891234249,Naperville,Illinois,No,934
SYN-DONOR-70f3ccc0c4ce4667,Aurora,Illinois,No,515
SYN-DONOR-24e5c2926dd14b0c,El Paso,Texas,No,747
SYN-DONOR-498f943684fe496e,Los Angeles,California,No,853
SYN-DONOR-e14a6292f98043bc,Oakland,California,No,474
SYN-DONOR-903e843c81ae40a4,Naperville,Illinois,No,758
SYN-DONOR-2d134002d9734c72,Jacksonville,Florida,Yes,651
SYN-DONOR-d027a7dff454467d,Raleigh,North Carolina,No,300
SYN-DONOR-1c60f5cb7ec14123,El Paso,Texas,Yes,316
SYN-DONOR-b23d1f2ba83b4d1a,El Paso,Texas,No,061
SYN-DONOR-75b2dfc387c44b8a,San Francisco,California,No,370
SYN-DONOR-9bceb44093a24b6d,Sacramento,California,No,018
SYN-DONOR-06a60a36da494c98,Brooklyn,New York,No,722
SYN-DONOR-9920c0b3b7964550,London,other,No,110
SYN-DONOR-850823ef58dc431a,Los Angeles,California,No,189
SYN-DONOR-415e9cad8eba4d6c,Jacksonville,Florida,No,651
SYN-DONOR-c53eddf318c94d3b,Dallas,Texas,No,260
SYN-DONOR-b2119297dbcc4d8a,Oakland,California,No,716
SYN-DONOR-469075e54cee400b,New York,New York,Yes,166
SYN-DONOR-8503e68af89c4f90,San Diego,California,No,159
SYN-DONOR-929e7e2979e34c14,Los Angeles,California,No,998
SYN-DONOR-a801ee33a14b4be2,Orlando,Florida,No,119
SYN-DONOR-76ce8917e9d2491c,Raleigh,North Carolina,No,409
SYN-DONOR-ea54a920c0b3475e,Oakland,California,No,474
SYN-DONOR-dbbc25ef33904112,San Jose,California,No,972
SYN-DONOR-62de089ada424341,Fort Worth,Texas,Yes,061
SYN-DONOR-6855688a3ca34808,Dallas,Texas,No,403
SYN-DONOR-43a72891fb02413c,Aurora,Illinois,No,312
SYN-DONOR-0c5ca8823bdc4bcf,Naperville,Illinois,No,291
SYN-DONOR-61026383ab894210,New York,New York,No,381
SYN-DONOR-9f7a19614af74d4b,Rockford,Illinois,No,886
SYN-DONOR-00b91725fa044f2c,Paris,other,No,319
SYN-DONOR-d03980d288824e25,Brooklyn,New York,No,139
SYN-DONOR-c8e0663d9dfe4c80,Chicago,Illinois,Yes,891
SYN-DONOR-aa23f3540fbb49a0,San Jose,California,No,022
SYN-DONOR-9532adece3dc4991,Charlotte,North Carolina,Yes,793
SYN-DONOR-bed30c389b064af7,Tallahassee,Florida,No,031
SYN-DONOR-2ac325648c0f4b16,Chicago,Illinois,No,655
SYN-DONOR-2b07a752e70d4c0f,Sacramento,California,No,705
SYN-DONOR-49a9f6a020954729,Los Angeles,California,No,321
SYN-DONOR-c1fc8153946b46c4,Brooklyn,New York,No,728
SYN-DONOR-b0731b89c6514480,Brooklyn,New York,No,240
SYN-DONOR-180e70bd9a394a49,San Diego,California,No,718
SYN-DONOR-0a85168335124b0e,San Francisco,California,Yes,370
SYN-DONOR-8ff77fe1e03a40da,Paris,other,Yes,539
SYN-DONOR-e3a0580609f040dd,Miami,Florida,Yes,474
SYN-DONOR-8722da345b1e406f,Durham,North Carolina,No,673
SYN-DONOR-c4f9371e45bc43be,Austin,Texas,No,065
SYN-DONOR-4cb045315e974dd4,San Diego,California,No,435
SYN-DONOR-5631e2b12ad745a0,Chicago,Illinois,No,937
SYN-DONOR-15d20ca2dc954938,Dallas,Texas,Yes,260
SYN-DONOR-669d9ae93977466f,Orlando,Florida,No,119
SYN-DONOR-eac1cc1bf0674b90,Rochester,New York,Yes,584
SYN-DONOR-807ad4d0ebb74673,San Diego,California,No,226
SYN-DONOR-c859b6e963d949a5,New York,New York,Yes,590
SYN-DONOR-26a7af65c3c44143,Sacramento,California,No,443
SYN-DONOR-d172ffbc2aca4539,Rochester,New York,No,445
SYN-DONOR-a3b5519cb4a14651,Fort Worth,Texas,No,097
SYN-DONOR-b2cfca5215af4484,Fort Worth,Texas,No,459
SYN-DONOR-fe0d5b8915974540,Aurora,Illinois,No,515
SYN-DONOR-b7e12df7bf6f4898,Evanston,Illinois,Yes,090
SYN-DONOR-a9909e620cf8407b,San Jose,California,No,491
SYN-DONOR-439bf3ce7040466e,San Jose,California,No,105
SYN-DONOR-8326d64e870e450d,San Jose,California,No,850
SYN-DONOR-fc974b47664648e3,San Diego,California,Yes,911
SYN-DONOR-5920ff64f03c4831,San Jose,California,Yes,850
SYN-DONOR-7b09d36569ea4925,Naperville,Illinois,No,701
SYN-DONOR-23b8af9fc574430d,Sacramento,California,Yes,018
SYN-DONOR-226a9b19edff4d8d,Rochester,New York,No,965
SYN-DONOR-f285d9d5e0b44d0f,New York,New York,No,590
SYN-DONOR-6d41f6c959764d4b,Naperville,Illinois,No,894
SYN-DONOR-a88b239db7864177,San Diego,California,No,159
SYN-DONOR-1b3794536c324217,Naperville,Illinois,No,647
SYN-DONOR-df3f1273c46c4f03,Jacksonville,Florida,No,651
SYN-DONOR-a9760b072b5645bc,Miami,Florida,No,474
SYN-DONOR-22c304b5dec94dc1,Orlando,Florida,Yes,036
SYN-DONOR-da1898b95d9b4811,San Antonio,Texas,No,742
SYN-DONOR-2d39bce7e44d4e7c,Naperville,Illinois,Yes,647
SYN-DONOR-f9937e2adad3420e,Naperville,Illinois,No,156
SYN-DONOR-1c902da7c5fc4f3d,Fort Worth,Texas,Yes,234
SYN-DONOR-84c16c96b2c5468c,London,other,No,127
SYN-DONOR-64402721db52465a,San Diego,California,No,911
SYN-DONOR-ea12311229b44360,Chicago,Illinois,Yes,982
SYN-DONOR-7109b6821c8642a8,San Jose,California,No,955
SYN-DONOR-ac98f073e32846e9,San Diego,California,No,265
SYN-DONOR-69b2ce7f15fd4b7b,Brooklyn,New York,No,268
SYN-DONOR-7de1e5c7d27c42a3,Miami,Florida,Yes,563
SYN-DONOR-105fe592047f490e,Chicago,Illinois,Yes,773
SYN-DONOR-4e9a3c4f6d2b4d78,New York,New York,Yes,381
SYN-DONOR-af1ac7e7f07c4323,Sacramento,California,No,018
SYN-DONOR-14ee73c745f94081,San Jose,California,No,022
SYN-DONOR-fdd2e4dba57a44c0,Tallahassee,Florida,No,031
SYN-DONOR-eeb68f02486f4f2a,San Francisco,California,Yes,728
SYN-DONOR-c421da6e849249ff,Paris,other,Yes,319
SYN-DONOR-866d4eaabdad4a0f,Fort Worth,Texas,No,111
SYN-DONOR-888bbdcc128d4a4a,Los Angeles,California,Yes,998
SYN-DONOR-33ace0440d1d464f,San Jose,California,Yes,354
SYN-DONOR-678473f3f92148e0,Raleigh,North Carolina,No,456
SYN-DONOR-4bd30d41608d444f,Rochester,New York,Yes,445
SYN-DONOR-8857b82c1f324c3e,Dallas,Texas,Yes,260
SYN-DONOR-795b07a9d1c644c8,Oakland,California,No,859
SYN-DONOR-f4ad7a30af734f36,Naperville,Illinois,No,758
SYN-DONOR-7c5344ef981845c5,Buffalo,New York,No,267
SYN-DONOR-bb5db4b50266430d,San Diego,California,No,226
SYN-DONOR-10cb3dca59ad4db1,Sacramento,California,Yes,903
SYN-DONOR-e571dcdf0cc243aa,San Jose,California,No,354
SYN-DONOR-c1ba3cdb4ff54242,Los Angeles,California,Yes,189
SYN-DONOR-69651fad72274544,Los Angeles,California,No,363
SYN-DONOR-7560e2405c8b4446,Charlotte,North Carolina,No,277
SYN-DONOR-46e115aa36274b12,Rochester,New York,No,550
SYN-DONOR-ac4488c134c9492e,San Diego,California,No,159
SYN-DONOR-6e74cdd676c64464,Jacksonville,Florida,No,942
SYN-DONOR-fc01b08a4ab54ef4,Durham,North Carolina,No,673
SYN-DONOR-6681e255417047bc,San Francisco,California,Yes,379
SYN-DONOR-e8d73f9919884867,San Antonio,Texas,Yes,777
SYN-DONOR-9fb604ff6253405a,Sacramento,California,No,707
SYN-DONOR-4b0d3d0032ff4d2c,San Diego,California,Yes,435
SYN-DONOR-07c32a0113854d5f,San Jose,California,Yes,022
SYN-DONOR-979f7850109c4416,Los Angeles,California,No,363
SYN-DONOR-d9314fac8f254c43,San Francisco,California,Yes,218
SYN-DONOR-699204d33b984262,El Paso,Texas,No,212
SYN-DONOR-b11ad7eb1d7e4138,Charlotte,North Carolina,No,793
SYN-DONOR-92c0a03fef314a2c,Austin,Texas,No,065
SYN-DONOR-9e1769c44c3f4c1a,Miami,Florida,Yes,474
SYN-DONOR-f2ac064e3e134a45,Naperville,Illinois,Yes,833
SYN-DONOR-8c4a8f702f874113,Dallas,Texas,No,695
SYN-DONOR-1189446f6b584dc4,Sacramento,California,Yes,705
SYN-DONOR-b41ef0a522e34e1b,Los Angeles,California,No,830
SYN-DONOR-48e04f6d9cc24d89,Los Angeles,California,No,363
SYN-DONOR-4568839e8c9d4e70,Rockford,Illinois,No,435
SYN-DONOR-25d0729dd49c41c7,Rockford,Illinois,No,435
SYN-DONOR-bff5dda8b83e4f4c,Brooklyn,New York,No,722
SYN-DONOR-42de7351d54a4335,Los Angeles,California,No,998
SYN-DONOR-7a9a417eb4784f1a,San Jose,California,No,105
SYN-DONOR-1ddb339599ba452b,Naperville,Illinois,No,894
SYN-DONOR-9ab5b774fdd0404b,Oakland,California,No,205
SYN-DONOR-e94c747afa864185,Unknown,other,No,342
SYN-DONOR-b88b4a37dc084543,Queens,New York,No,688
SYN-DONOR-971855da7d5d4add,Dallas,Texas,No,403
SYN-DONOR-ddee02b12b994501,Oakland,California,No,427
SYN-DONOR-bd37148f77fe4c37,Tampa,Florida,No,801
SYN-DONOR-fc5f48491c354597,Evanston,Illinois,No,232
SYN-DONOR-b6a1912c4e49432f,Los Angeles,California,No,189
SYN-DONOR-39250c6e99bd4c40,Raleigh,North Carolina,No,409
SYN-DONOR-f868e5cdfd6e4d1c,Brooklyn,New York,No,647
SYN-DONOR-25e8c1bc7d6b44e5,San Jose,California,Yes,447
SYN-DONOR-4f1874116dff4ab0,Oakland,California,Yes,205
SYN-DONOR-5be01bb3f9374202,Buffalo,New York,No,267
SYN-DONOR-53497deafbb047fe,San Francisco,California,Yes,563
SYN-DONOR-395d64e2579340f2,Jacksonville,Florida,No,600
SYN-DONOR-bf7b2f1b0feb4409,New York,New York,No,590
SYN-DONOR-7814400f996149a8,San Francisco,California,No,161
SYN-DONOR-270e300dab31469e,San Diego,California,No,435
SYN-DONOR-7406acfec7524fbe,Chicago,Illinois,No,835
SYN-DONOR-be7ba2a86b514882,Austin,Texas,No,083
SYN-DONOR-b5a1a0436d604086,San Francisco,California,No,295
SYN-DONOR-f09e18a9027d4c92,Sacramento,California,No,310
SYN-DONOR-78c005d41c754f3d,Los Angeles,California,No,420
SYN-DONOR-631dc9280e1247b9,Aurora,Illinois,No,312
SYN-DONOR-5c7ffda84d4d4f3f,Brooklyn,New York,No,240
SYN-DONOR-c300760289724f1e,San Diego,California,No,563
SYN-DONOR-4d5032d630e44cda,London,other,Yes,110
SYN-DONOR-27f5ebdd1a724f9e,New York,New York,No,555
SYN-DONOR-59efb91370fe46bf,Brooklyn,New York,Yes,377
SYN-DONOR-48163a9ccff24086,Durham,North Carolina,No,673
SYN-DONOR-bf654f17a2624be8,Aurora,Illinois,No,788
SYN-DONOR-ecb0f419b2d14558,Miami,Florida,Yes,474
SYN-DONOR-06b8e5355ecf4cf1,San Antonio,Texas,No,777
SYN-DONOR-15bcc624950e49d0,Rochester,New York,Yes,445
SYN-DONOR-9ea2a4892d63479b,Tampa,Florida,No,530
SYN-DONOR-37be6051735c497a,Fort Worth,Texas,No,931
SYN-DONOR-a1309f88e7e64f78,San Diego,California,No,911
SYN-DONOR-66ecef8fb5154e2e,Rochester,New York,No,011
SYN-DONOR-135822a76f694806,Greensboro,North Carolina,No,883
SYN-DONOR-20138f2a8d824b3c,San Francisco,California,No,295
SYN-DONOR-3caa2cfe0a5c40f4,Austin,Texas,No,743
SYN-DONOR-a751ad85370e4ff7,San Diego,California,No,435
SYN-DONOR-10afb7239947463e,San Diego,California,No,338
SYN-DONOR-f9c0199b5f824b41,San Antonio,Texas,Yes,516
SYN-DONOR-6cc6fd05680a45b4,San Jose,California,No,022
SYN-DONOR-482aebccac82416e,Miami,Florida,No,563
SYN-DONOR-0e774d38f4ee468e,Los Angeles,California,Yes,321
SYN-DONOR-8d3d594783704ddc,San Diego,California,No,910
SYN-DONOR-8611e72163774d91,Queens,New York,No,092
SYN-DONOR-31d66bd2802a44e1,Brooklyn,New York,Yes,377
SYN-DONOR-f2f78f6043bd4319,Paris,other,No,319
SYN-DONOR-2455aac5da374699,El Paso,Texas,Yes,316
SYN-DONOR-954af1109b96415e,Paris,other,No,539
SYN-DONOR-5c1187ebb1704b5c,New York,New York,No,620
SYN-DONOR-8c06855696724957,Austin,Texas,No,065
SYN-DONOR-0bff39b8153c4ed0,Raleigh,North Carolina,No,300
SYN-DONOR-49ed84cc8ea14d39,New York,New York,No,225
SYN-DONOR-80570699fe404a9e,Rockford,Illinois,No,435
SYN-DONOR-5bba886d900e4e3a,Raleigh,North Carolina,Yes,300
SYN-DONOR-db271f4e2d9e4a1f,Chicago,Illinois,No,891
SYN-DONOR-66492f4bbbd64f01,Charlotte,North Carolina,No,461
SYN-DONOR-9f1431c84be4457b,San Diego,California,No,910
SYN-DONOR-b3ba7fec70e94700,Chicago,Illinois,Yes,891
SYN-DONOR-cba303b844194896,Los Angeles,California,No,853
SYN-DONOR-bd886a6c710344d7,Sacramento,California,No,879
SYN-DONOR-94b2d7e5f5104702,San Francisco,California,No,114
SYN-DONOR-1fdece8b357a4f62,Fort Worth,Texas,Yes,061
SYN-DONOR-bdbcf03b9ce4474b,Queens,New York,No,790
SYN-DONOR-4fbb26f1b6d247e8,Oakland,California,No,097
SYN-DONOR-3e04456c4b5f4623,Chicago,Illinois,No,655
SYN-DONOR-290cc6abf22548ed,New York,New York,Yes,590
SYN-DONOR-3e32ae07a85842db,Jacksonville,Florida,No,263
SYN-DONOR-5080ca4bd91948c4,Aurora,Illinois,No,515
SYN-DONOR-28786bf64e4f4ef9,New York,New York,No,440
SYN-DONOR-9966360062db4bc4,Charlotte,North Carolina,No,793
SYN-DONOR-88e54dfe28e14fa0,Fort Worth,Texas,Yes,111
SYN-DONOR-307c84171eaa4245,Austin,Texas,No,083
SYN-DONOR-29eb647c6d014422,Miami,Florida,No,818
SYN-DONOR-cc078449992f4bd1,Fort Worth,Texas,Yes,234
SYN-DONOR-9c4a6763b21a4241,Austin,Texas,No,083
SYN-DONOR-e921509dee314922,Evanston,Illinois,Yes,081
SYN-DONOR-ec079c80262649d3,San Jose,California,No,105
SYN-DONOR-babe1d78eb394645,El Paso,Texas,Yes,423
SYN-DONOR-cdbff0c462494f85,Evanston,Illinois,Yes,081
SYN-DONOR-6df0242b3ee445a8,San Antonio,Texas,No,268
SYN-DONOR-62920c72ab2f41ae,San Jose,California,No,447
SYN-DONOR-5b79d5c972244ca3,Raleigh,North Carolina,No,409
SYN-DONOR-6ad22d2e79f04ea7,San Diego,California,No,911
SYN-DONOR-50bcbd8c5bc045a9,San Diego,California,No,911
SYN-DONOR-3d4a7f40a03740aa,New York,New York,Yes,555
SYN-DONOR-ac5dad599ec040bb,Oakland,California,No,093
SYN-DONOR-12cca3a71b644574,Fort Worth,Texas,No,459
SYN-DONOR-dba52c3a3e104c46,Rochester,New York,No,636
SYN-DONOR-e2909a866ac64265,Buffalo,New York,No,612
SYN-DONOR-ab8ddc166a504fbe,Jacksonville,Florida,No,263
SYN-DONOR-05286dba4c8c49c7,El Paso,Texas,No,627
SYN-DONOR-55d60ea0088d47f1,El Paso,Texas,No,423
SYN-DONOR-e06780116d3a472e,San Jose,California,Yes,105
SYN-DONOR-d5afcdc7e05546f1,Houston,Texas,No,559
SYN-DONOR-31d69bcb16474a22,Bronx,New York,No,772
SYN-DONOR-5b43018b04744733,Jacksonville,Florida,Yes,600
SYN-DONOR-f0a47bb191ba4a84,Buffalo,New York,No,267
SYN-DONOR-0629334a1dd24af8,Orlando,Florida,No,529
SYN-DONOR-140a16d21e71485a,Sacramento,California,No,705
SYN-DONOR-1346125c3b9d4afa,San Jose,California,No,022
SYN-DONOR-6e1336838b984733,New York,New York,Yes,620
SYN-DONOR-aef39d9e2e234f5d,Queens,New York,Yes,833
SYN-DONOR-0f74b064dff7482d,San Diego,California,No,563
SYN-DONOR-c8605872bfc14fc3,Fort Worth,Texas,No,459
SYN-DONOR-07be92bc37a94dde,Sacramento,California,No,310
SYN-DONOR-53c2d2533e5f4116,San Jose,California,Yes,491
SYN-DONOR-22911006c3594920,San Francisco,California,No,370
SYN-DONOR-18a2c8c0094140d2,Rockford,Illinois,No,886
SYN-DONOR-75f66f51aa8342f4,Paris,other,No,790
SYN-DONOR-ce05aacc3e264316,Greensboro,North Carolina,No,521
SYN-DONOR-7e2896ae7b754252,Rockford,Illinois,No,643
SYN-DONOR-59f3ceea58fd4b4d,San Diego,California,No,563
SYN-DONOR-518dfbc7ba5f4413,Naperville,Illinois,No,894
SYN-DONOR-5c881855fed8459a,Naperville,Illinois,No,894
SYN-DONOR-fd376c0b45bc4f8b,Tampa,Florida,No,035
SYN-DONOR-26be57bcbf59483b,Rochester,New York,No,445
SYN-DONOR-adc2e664d0d848bc,Evanston,Illinois,No,090
SYN-DONOR-35508df8cec74cc9,Buffalo,New York,No,758
SYN-DONOR-793cca6c699a4fc2,El Paso,Texas,No,212
SYN-DONOR-5ae58c1dd8974ad2,Sacramento,California,No,705
SYN-DONOR-be20dea0566b4dd5,Los Angeles,California,Yes,830
SYN-DONOR-ef8a77370b6a4a26,Miami,Florida,Yes,474
SYN-DONOR-01d5fefd69e7413c,Austin,Texas,No,743
SYN-DONOR-99223f48c89c4e83,Naperville,Illinois,No,971
SYN-DONOR-7af7a16c75b944c6,San Jose,California,No,955
SYN-DONOR-6857f0c083ad4ecf,San Diego,California,Yes,643
SYN-DONOR-658be1f7e3224a63,Rochester,New York,No,445
SYN-DONOR-ea08ecaeeefa430b,Raleigh,North Carolina,Yes,409
SYN-DONOR-0e4f7da01a8b4424,Charlotte,North Carolina,No,277
SYN-DONOR-ccb1e5f84c3a4cf3,Naperville,Illinois,No,156
SYN-DONOR-04f21e3c2a134f85,New York,New York,No,225
SYN-DONOR-04fafea16b7d4779,Tampa,Florida,No,035
SYN-DONOR-a85dedf668ca4953,Oakland,California,No,474
SYN-DONOR-ee199ac222ee4372,San Francisco,California,Yes,370
SYN-DONOR-4c54e4e7e0144cbe,Los Angeles,California,Yes,998
SYN-DONOR-72ea16e30ba74d6e,Queens,New York,No,790
SYN-DONOR-8756c299c3bb41ef,San Jose,California,Yes,022
SYN-DONOR-46cd1f2ed3894b0c,San Francisco,California,Yes,295
SYN-DONOR-177c6d0675334522,Houston,Texas,No,363
SYN-DONOR-99dab0754e504192,New York,New York,No,166
SYN-DONOR-61edcc3f30114462,Dallas,Texas,No,695
SYN-DONOR-4fe0380cd8b04f17,Queens,New York,No,984
SYN-DONOR-4871fa2796f246e3,Tallahassee,Florida,No,031
SYN-DONOR-d19ffb465a4c44aa,Dallas,Texas,No,403
SYN-DONOR-c1dc16adeccf41cb,Tampa,Florida,Yes,530
SYN-DONOR-328a034c545c49bb,Tampa,Florida,No,035
SYN-DONOR-78e76a20b97843c8,Naperville,Illinois,No,934
SYN-DONOR-06d41d1572ab4ef9,San Diego,California,No,563
SYN-DONOR-ec42dda366674020,Brooklyn,New York,No,268
SYN-DONOR-df8d47c8a5114ae3,Queens,New York,No,086
SYN-DONOR-981d6aca3f764bb1,Austin,Texas,No,743
SYN-DONOR-e21e9477ba37403c,Naperville,Illinois,No,156
SYN-DONOR-5ddbf1c3757f469b,Rochester,New York,Yes,584
SYN-DONOR-8a0968097129462f,Buffalo,New York,Yes,758
SYN-DONOR-51fb184a65074ba8,Miami,Florida,No,250
SYN-DONOR-1120032812154feb,Brooklyn,New York,No,139
SYN-DONOR-4716ecb359454ca0,Naperville,Illinois,Yes,833
SYN-DONOR-3ab61edbb0ee4502,Rockford,Illinois,No,886
SYN-DONOR-b68c035824a043b3,San Jose,California,No,491
SYN-DONOR-315f3b1a122d4a4b,Los Angeles,California,No,245
SYN-DONOR-45059d853cbc4afd,San Jose,California,No,354
SYN-DONOR-67716ec95bef44ae,Rochester,New York,No,011
SYN-DONOR-a4cef4ea349e4d44,Miami,Florida,No,563
SYN-DONOR-628cb23ee1274b7c,Brooklyn,New York,No,075
SYN-DONOR-9401b268213845cf,New York,New York,No,555
SYN-DONOR-393dd6ff28aa4711,San Diego,California,No,159
SYN-DONOR-a3c4620371474b3c,Dallas,Texas,No,403
SYN-DONOR-519ba093eb044d9e,San Diego,California,No,399
SYN-DONOR-b26e5b13f89647a6,Naperville,Illinois,No,971
SYN-DONOR-70ad1097ac5942df,San Francisco,California,No,379
SYN-DONOR-239de3fbd5674f7c,Brooklyn,New York,No,240
SYN-DONOR-59136ec57c164ba8,San Diego,California,No,911
SYN-DONOR-35d61d65a286483c,Paris,other,No,790
SYN-DONOR-cf6fa9988dca46fd,San Diego,California,No,643
SYN-DONOR-45d3e3ab692349d9,Greensboro,North Carolina,No,521
SYN-DONOR-5507730d0f614ea6,San Jose,California,Yes,491
SYN-DONOR-00b6f041d97d4b5f,Sacramento,California,No,110
SYN-DONOR-3fb81c56ed1f43ef,Rockford,Illinois,No,954
SYN-DONOR-e157ff9281f849bd,Buffalo,New York,No,251
SYN-DONOR-cc956babac464d0a,Jacksonville,Florida,No,263
SYN-DONOR-80bb1a517b95404a,Los Angeles,California,No,321
SYN-DONOR-5b535afdfafc4556,Miami,Florida,Yes,799
SYN-DONOR-e5269104197b452f,San Jose,California,No,796
SYN-DONOR-c2dc18208e9942c8,San Francisco,California,No,370
SYN-DONOR-541342c316504bb3,Raleigh,North Carolina,No,864
SYN-DONOR-af82cb7f76414407,Queens,New York,No,688
SYN-DONOR-65b6a4df05634ec7,Miami,Florida,No,204
SYN-DONOR-536ca51c55cd4e5c,Charlotte,North Carolina,No,793
SYN-DONOR-dd04ec2e70764b05,Brooklyn,New York,No,240
SYN-DONOR-077da2f9413b43db,Austin,Texas,No,876
SYN-DONOR-2426cdf6e1644903,Los Angeles,California,No,189
SYN-DONOR-639f44d1d68f4af7,Chicago,Illinois,No,376
SYN-DONOR-20157f65dcf54119,Orlando,Florida,No,529
SYN-DONOR-95bcb44ad46a4e17,Rochester,New York,No,636
SYN-DONOR-1a9e37f281bb4edf,Tallahassee,Florida,No,031
SYN-DONOR-dc5106f9a85846f4,Paris,other,No,319
SYN-DONOR-b3444b84b51c4af9,San Francisco,California,Yes,728
SYN-DONOR-f3675aa6875a4178,Durham,North Carolina,No,673
SYN-DONOR-3125af59eb0043af,Oakland,California,No,112
SYN-DONOR-bb352928d4ce4f71,Naperville,Illinois,Yes,156
SYN-DONOR-815830146caf4277,New York,New York,No,930
SYN-DONOR-619c4c59835a4a4a,Miami,Florida,No,818
SYN-DONOR-b0873886d4bb408f,Tampa,Florida,Yes,530
SYN-DONOR-8278f282491d4c05,Los Angeles,California,No,189
SYN-DONOR-2ba79f4eaeec4025,San Antonio,Texas,No,268
SYN-DONOR-f7da9b08ce334f16,Dallas,Texas,Yes,260
SYN-DONOR-d370d8ea3d17427b,Rochester,New York,No,584
SYN-DONOR-ce780147222d47d9,Austin,Texas,No,922
SYN-DONOR-9e1ffd03dc9c4cfd,El Paso,Texas,Yes,212
SYN-DONOR-3e46bc40704b42bf,San Diego,California,Yes,159
SYN-DONOR-b0d1b3a9aeb24793,Orlando,Florida,No,529
SYN-DONOR-66e2c795e32e43a8,Evanston,Illinois,No,232
SYN-DONOR-352a9948c9b64acd,El Paso,Texas,No,061
SYN-DONOR-5614b56f1a7946a1,Sacramento,California,No,903
SYN-DONOR-402e1c00b7f3492c,Miami,Florida,No,250
SYN-DONOR-7c3fe931b606461f,Tampa,Florida,No,530
SYN-DONOR-8ece116286a949f9,Paris,other,No,790
SYN-DONOR-be0c2fe9877a4603,Chicago,Illinois,No,376
SYN-DONOR-9e49af82da63470c,Queens,New York,No,790
SYN-DONOR-8af734982dfc4b90,Fort Worth,Texas,No,061
SYN-DONOR-036b08b6b6084d06,Sacramento,California,No,707
SYN-DONOR-117016112dbc4f3f,Charlotte,North Carolina,No,277
SYN-DONOR-e61bb7a61af2422b,Buffalo,New York,No,612
SYN-DONOR-c7f5c2eb345142fc,Austin,Texas,No,743
SYN-DONOR-424bafda016f4bb0,Chicago,Illinois,No,655
SYN-DONOR-3f234bb403d2433c,Naperville,Illinois,No,934
SYN-DONOR-04bdd837e7184cd2,Los Angeles,California,No,243
SYN-DONOR-5521a1fab4704bb5,Chicago,Illinois,No,655
SYN-DONOR-2af3d4a81edd46d2,Miami,Florida,No,818
SYN-DONOR-02e3aab9ebf04a1a,Raleigh,North Carolina,Yes,864
SYN-DONOR-c8bac0223a134ade,Oakland,California,No,112
SYN-DONOR-a0d058cde2424093,San Diego,California,No,910
SYN-DONOR-14c09bb4634149a7,Naperville,Illinois,No,701
SYN-DONOR-a402f8d191e74cc8,Sacramento,California,Yes,018
SYN-DONOR-41283fb7e6304f39,Paris,other,Yes,539
SYN-DONOR-a2c6c640e55f4fcf,London,other,No,127
SYN-DONOR-acc5ede2426c4a47,San Diego,California,No,159
SYN-DONOR-f9068fae517c49b9,Rochester,New York,No,011
SYN-DONOR-482c92dbcea245ca,Miami,Florida,No,204
SYN-DONOR-2c8e2a3f798d4a41,Rockford,Illinois,No,643
SYN-DONOR-57dc18806f354d75,Fort Worth,Texas,No,061
SYN-DONOR-b03f505e9e844418,Dallas,Texas,No,695
SYN-DONOR-e75657a2d3da4a26,Los Angeles,California,Yes,998
SYN-DONOR-a2012565265a40bc,Oakland,California,No,205
SYN-DONOR-fbc33e62ffb14b85,Brooklyn,New York,No,647
SYN-DONOR-dbbb55de9429471b,New York,New York,No,225
SYN-DONOR-639de6742928438b,El Paso,Texas,Yes,627
SYN-DONOR-0dc5dcfbf8674a41,Chicago,Illinois,No,982
SYN-DONOR-5440e37e309e4e27,Oakland,California,No,474
SYN-DONOR-bd69da7837c346d2,Buffalo,New York,No,612
SYN-DONOR-1b7b6790dff341a3,San Jose,California,No,972
SYN-DONOR-6d2de559f02d4971,Naperville,Illinois,No,291
SYN-DONOR-e4b53559b51940a1,Dallas,Texas,No,695
SYN-DONOR-d7890709ebf54d56,Sacramento,California,No,255
SYN-DONOR-1b5ddc47cb174ff2,San Diego,California,No,643
SYN-DONOR-9ba98b045f234ccf,Los Angeles,California,No,189
SYN-DONOR-b84a95c42303432c,Aurora,Illinois,No,515
SYN-DONOR-2f6c08fbd26b42d2,Naperville,Illinois,Yes,156
SYN-DONOR-e356c84cab5b4dfe,Bronx,New York,No,475
SYN-DONOR-0f256319d81e4376,Evanston,Illinois,Yes,120
SYN-DONOR-dab13b1a1a09416e,Rochester,New York,No,636
SYN-DONOR-a6f397e126254ecd,Naperville,Illinois,No,701
SYN-DONOR-ddd4636398d54e41,Brooklyn,New York,Yes,647
SYN-DONOR-7fd5f2a2bb85452f,Los Angeles,California,Yes,363
SYN-DONOR-7ae1b2bb59584040,San Jose,California,No,796
SYN-DONOR-d7209e3969c547c4,San Francisco,California,Yes,114
SYN-DONOR-610d6177cfaa4123,Sacramento,California,No,255
SYN-DONOR-93bead4dc62040a3,Raleigh,North Carolina,Yes,456
SYN-DONOR-a906df7672884a7c,New York,New York,No,440
SYN-DONOR-4447e868a56b4334,San Jose,California,No,955
SYN-DONOR-9cbf84f81cb145e0,Chicago,Illinois,No,891
SYN-DONOR-df124f4552234ba3,Sacramento,California,No,443
SYN-DONOR-9cf8120fd2a6427d,Los Angeles,California,No,363
SYN-DONOR-09302ffa5eb9443b,Paris,other,Yes,790
SYN-DONOR-8ef5effd90424763,Rockford,Illinois,Yes,435
SYN-DONOR-09ca43f6829248ff,Sacramento,California,No,310
SYN-DONOR-33628b9657b740b6,San Francisco,California,No,563
SYN-DONOR-dcf161d6d3bd42a2,Charlotte,North Carolina,No,277
SYN-DONOR-03649f8d96a6482c,Brooklyn,New York,No,139
SYN-DONOR-99234ce757864726,New York,New York,Yes,225
SYN-DONOR-4926d15d178e408f,Paris,other,No,790
SYN-DONOR-a6d48b5afc794896,Los Angeles,California,No,189
SYN-DONOR-7359b072ac444e0d,Aurora,Illinois,No,788
SYN-DONOR-91bd1991fbe94938,Miami,Florida,No,250
SYN-DONOR-53c887457a804faf,Naperville,Illinois,No,647
SYN-DONOR-c870ed8f76dc4903,Buffalo,New York,No,251
SYN-DONOR-a308c3dac209448d,Brooklyn,New York,No,728
SYN-DONOR-9c69f5c582f64bba,San Francisco,California,No,379
SYN-DONOR-c6313259b4e544be,Jacksonville,Florida,No,571
SYN-DONOR-e0bad1fd43234ce2,Paris,other,No,319
SYN-DONOR-312b00a5fc5a4902,Evanston,Illinois,No,144
SYN-DONOR-109924281dd54200,San Antonio,Texas,No,742
SYN-DONOR-e6f983c3b8a641ec,New York,New York,No,555
SYN-DONOR-42d2c3d5dd34419e,Oakland,California,No,286
SYN-DONOR-acc8c40d43dc4fdd,New York,New York,No,381
SYN-DONOR-3a4fe29dabfd47e9,Rockford,Illinois,No,435
SYN-DONOR-a00ebbba46f34066,San Antonio,Texas,Yes,268
SYN-DONOR-aff72c4666c44ebf,Aurora,Illinois,Yes,299
SYN-DONOR-b1d9781ba6b14fd3,Austin,Texas,Yes,945
SYN-DONOR-2e3a7e963be1474f,Brooklyn,New York,Yes,647
SYN-DONOR-2bcd78d8cd304eb9,El Paso,Texas,No,941
SYN-DONOR-89937b247af94d92,New York,New York,No,225
SYN-DONOR-806144021c5f4cfc,Buffalo,New York,No,612
SYN-DONOR-39bc49707dd14faf,El Paso,Texas,Yes,423
SYN-DONOR-60b835a0a6944e03,Oakland,California,No,427
SYN-DONOR-12aaa8003c1941b5,Aurora,Illinois,No,312
SYN-DONOR-e3f82316233b4e3a,San Francisco,California,Yes,114
SYN-DONOR-1de35efa71024723,Oakland,California,No,859
SYN-DONOR-f0d2ca787a344456,Jacksonville,Florida,No,942
SYN-DONOR-664bbdb23cd14053,San Jose,California,No,796
SYN-DONOR-5bfbeff1619d4b5c,Oakland,California,No,474
SYN-DONOR-4aea00b83f174ca1,Aurora,Illinois,Yes,788
SYN-DONOR-8fa39f698cb64414,Raleigh,North Carolina,No,456
SYN-DONOR-3afee3ab8e3944e1,New York,New York,No,590
SYN-DONOR-aefb37d9092340ac,San Francisco,California,No,935
SYN-DONOR-c4db0fb1bca746f5,San Francisco,California,No,161
SYN-DONOR-f2811b28755f46b9,Evanston,Illinois,No,144
SYN-DONOR-4cc4f154920b42e0,Sacramento,California,Yes,018
SYN-DONOR-0c6abd17828e4506,San Francisco,California,No,161
SYN-DONOR-069eb9ebfd194aba,Oakland,California,No,286
SYN-DONOR-6cd742a6bac3446b,Oakland,California,No,205
SYN-DONOR-e5e4d155c9b64a2a,Los Angeles,California,Yes,189
SYN-DONOR-c43747a7141d4f74,Rochester,New York,No,550
SYN-DONOR-02cb99bf61f04890,Queens,New York,No,833
SYN-DONOR-3b236dadd66b4bb4,Oakland,California,No,716
SYN-DONOR-8ba330ab81a44f48,Tampa,Florida,No,530
SYN-DONOR-ab545ab103394984,Brooklyn,New York,No,647
SYN-DONOR-1d2b274b24904584,Los Angeles,California,No,245
SYN-DONOR-da9743a0924a4caa,Rochester,New York,Yes,584
SYN-DONOR-1ce920405f104f97,Dallas,Texas,No,260
SYN-DONOR-cc7736c521354989,Los Angeles,California,No,853
SYN-DONOR-80d9fbbb376543d7,Oakland,California,No,112
SYN-DONOR-48acef7d89024886,Sacramento,California,No,255
SYN-DONOR-7a5fe53987844774,San Jose,California,No,491
SYN-DONOR-db75387ea86e477b,Miami,Florida,No,799
SYN-DONOR-fece43a77ba74db5,New York,New York,No,166
SYN-DONOR-261f0877aa5046a6,San Diego,California,No,399
SYN-DONOR-cf776f5729ad4408,Durham,North Carolina,No,673
SYN-DONOR-5699dbd976c941ac,Buffalo,New York,No,612
SYN-DONOR-41052f5d304c4078,Los Angeles,California,No,420
SYN-DONOR-80dedf0f0fa64912,Jacksonville,Florida,Yes,651
SYN-DONOR-da8687eec6464c05,Jacksonville,Florida,No,651
SYN-DONOR-cee2b74e34ae4e62,Queens,New York,No,688
SYN-DONOR-dcd06afc1e2a448a,Los Angeles,California,No,853
SYN-DONOR-3d0f682f7d68491d,Miami,Florida,No,204
SYN-DONOR-6b9e79cea67943d3,New York,New York,Yes,555
SYN-DONOR-d3d0bd81a7784320,Houston,Texas,Yes,363
SYN-DONOR-0fcffba55e21406b,El Paso,Texas,No,747
SYN-DONOR-04996f12fcce43c9,San Francisco,California,No,114
SYN-DONOR-4b66118c614542d9,Rockford,Illinois,No,886
SYN-DONOR-329a916f2d9d4ced,Los Angeles,California,No,189
SYN-DONOR-7e030ca0932a4282,Sacramento,California,Yes,879
SYN-DONOR-f7f42ef0d9d94ec3,Sacramento,California,Yes,333
SYN-DONOR-173545462705483f,Buffalo,New York,No,251
SYN-DONOR-c5e58dd83d294576,New York,New York,No,555
SYN-DONOR-903baf71c0b94efb,Naperville,Illinois,No,701
SYN-DONOR-2ac0fecb97ed409d,Rochester,New York,No,636
SYN-DONOR-ed0f7a87ac6c4067,Bronx,New York,No,772
SYN-DONOR-8491f7b9676c4fb3,Raleigh,North Carolina,No,507
SYN-DONOR-cfddbcbb11cd48d3,Aurora,Illinois,No,788
SYN-DONOR-b882bc5df4904583,Jacksonville,Florida,Yes,263
SYN-DONOR-7ab2eadcaa274a58,New York,New York,Yes,590
SYN-DONOR-4c24e4e393794299,Buffalo,New York,No,612
SYN-DONOR-c4894e544e3f4611,Sacramento,California,Yes,018
SYN-DONOR-7448aaa5e3d241f0,Los Angeles,California,No,853
SYN-DONOR-ad69a407e61f4728,Miami,Florida,No,204
SYN-DONOR-6e06e8929b8a4c73,San Diego,California,No,226
SYN-DONOR-7b6531a092c34c24,Naperville,Illinois,No,758
SYN-DONOR-1116f00024024ee7,Rockford,Illinois,No,770
SYN-DONOR-8e2d1673746b4431,Los Angeles,California,No,853
SYN-DONOR-e1654986b3084cd9,Naperville,Illinois,Yes,647
SYN-DONOR-99bd6ece13ff467f,Austin,Texas,Yes,229
SYN-DONOR-1d949fa38ca34c8f,Dallas,Texas,No,260
SYN-DONOR-484179c844c34e50,San Diego,California,No,910
SYN-DONOR-0cf3cae54b0343cf,San Francisco,California,No,563
SYN-DONOR-2c202a3595024d8e,Jacksonville,Florida,No,571
SYN-DONOR-0cd895458e9b42c1,Tampa,Florida,No,035
SYN-DONOR-6b3c9e773d734467,Naperville,Illinois,Yes,894
SYN-DONOR-6b32f58f671a44bf,Oakland,California,Yes,474
SYN-DONOR-8533a3c08b964408,Naperville,Illinois,No,758
SYN-DONOR-865df51c56124c8d,Austin,Texas,No,922
SYN-DONOR-24c732e460a04797,Evanston,Illinois,No,120
SYN-DONOR-6eda3dfafcc6448a,Chicago,Illinois,No,891
SYN-DONOR-78bdee2d611444f8,Queens,New York,No,688
SYN-DONOR-443cad6dea624022,Chicago,Illinois,No,655
SYN-DONOR-7abbf46290b34c1d,Tampa,Florida,No,801
SYN-DONOR-a9b1c96cf46b49e0,Austin,Texas,No,083
SYN-DONOR-4d15f985a9c249a9,Fort Worth,Texas,No,234
SYN-DONOR-d358bcc3a6654d0a,Austin,Texas,No,922
SYN-DONOR-9c7f6acc31e04bea,Naperville,Illinois,No,833
SYN-DONOR-f2fdf5036dde4713,New York,New York,No,381
SYN-DONOR-349846706c4a4d77,Chicago,Illinois,No,655
SYN-DONOR-eeb55b5b053b4d5b,El Paso,Texas,No,941
SYN-DONOR-3d9a71681a744ba3,Greensboro,North Carolina,No,883
SYN-DONOR-cd0a1eb2354d4fbf,San Jose,California,No,022
SYN-DONOR-d587c79192184f83,San Diego,California,Yes,435
SYN-DONOR-e4b6b73e27154efb,Orlando,Florida,Yes,861
SYN-DONOR-659687512fe84cea,New York,New York,No,590
SYN-DONOR-eb7c09b9035a4fc1,Oakland,California,No,093
SYN-DONOR-32599b2d5a9546b7,San Jose,California,No,955
SYN-DONOR-280106bbaeab4342,Evanston,Illinois,Yes,090
SYN-DONOR-9586d82f161940ad,Evanston,Illinois,No,081
SYN-DONOR-894ada210ea74a8b,Miami,Florida,No,474
SYN-DONOR-fe649f1eb85f48e8,Tallahassee,Florida,Yes,813
SYN-DONOR-46929e87df7c4926,San Francisco,California,No,218
SYN-DONOR-0ca850aa820e4294,Queens,New York,No,688
SYN-DONOR-f7a62b55e3934297,Chicago,Illinois,No,982
SYN-DONOR-a86ffe3e84294154,Orlando,Florida,Yes,529
SYN-DONOR-5314471a030c46ac,Chicago,Illinois,No,982
SYN-DONOR-01f9339c9552499a,Los Angeles,California,No,363
SYN-DONOR-d0a4fcf6927846e7,Raleigh,North Carolina,No,864
SYN-DONOR-3e75516c3bc84a19,Chicago,Illinois,No,937
SYN-DONOR-7b87d12291234c49,Brooklyn,New York,No,377
SYN-DONOR-21da93806d064706,Raleigh,North Carolina,No,409
SYN-DONOR-c579de724bc546ce,Chicago,Illinois,Yes,982
SYN-DONOR-18ae76e1a9804841,Oakland,California,Yes,097
SYN-DONOR-2691a0e92a7c496b,Chicago,Illinois,No,376
SYN-DONOR-5a2d82d9ed524845,London,other,Yes,127
SYN-DONOR-34cb6fe568c84e4d,Chicago,Illinois,No,891
SYN-DONOR-dfa4a7a0e9a74529,Charlotte,North Carolina,No,277
SYN-DONOR-44c8f4593f89447c,San Antonio,Texas,No,777
SYN-DONOR-d0da6989aa1d4b98,Los Angeles,California,No,830
SYN-DONOR-b90b1330a38140e9,Dallas,Texas,No,260
SYN-DONOR-58f159ee592847f7,Los Angeles,California,Yes,999
SYN-DONOR-c900afabc116416c,El Paso,Texas,No,747
SYN-DONOR-635e4d97e6ff40a2,Naperville,Illinois,No,758
SYN-DONOR-6bd44510467d472b,El Paso,Texas,No,747
SYN-DONOR-e50023aeab0b4da3,Sacramento,California,Yes,255
SYN-DONOR-90d0c6643af64d7c,Rochester,New York,No,550
SYN-DONOR-fb52cfb21e8e495b,Naperville,Illinois,No,833
SYN-DONOR-b02b32ee17e94e2f,Rochester,New York,Yes,584
SYN-DONOR-10b31734ffd44621,Brooklyn,New York,No,647
SYN-DONOR-3a208efc528d4fcb,Miami,Florida,Yes,474
SYN-DONOR-cb7e1c28152d44dd,San Francisco,California,No,370
SYN-DONOR-7d5a9ca3c61e4f45,San Diego,California,No,435
SYN-DONOR-9132bd1b80254527,Greensboro,North Carolina,No,521
SYN-DONOR-5eb88d9a79a941c4,San Diego,California,No,399
SYN-DONOR-be7ea6395dfd4179,Brooklyn,New York,No,728
SYN-DONOR-7a21076bb3ec4e8c,Oakland,California,No,427
SYN-DONOR-b35bd15eab91499c,Fort Worth,Texas,Yes,061
SYN-DONOR-ef13a224916743db,Rochester,New York,No,965
SYN-DONOR-3e9d774acec94ecd,Tallahassee,Florida,Yes,813
SYN-DONOR-9693905e1ba546fc,Los Angeles,California,No,998
SYN-DONOR-0bea15d852704f07,San Antonio,Texas,Yes,777
SYN-DONOR-1170de636a11465d,Sacramento,California,Yes,110
SYN-DONOR-f9046b7056564250,Los Angeles,California,No,245
SYN-DONOR-17e57f6adc404dc3,Los Angeles,California,No,998
SYN-DONOR-2de87f50e89f403d,Tallahassee,Florida,Yes,365
SYN-DONOR-72a6b875fcf240ed,Aurora,Illinois,Yes,312
SYN-DONOR-2c559fc2f2a34c92,Rochester,New York,No,011
SYN-DONOR-8b3ce2933aac4e12,Unknown,other,No,342
SYN-DONOR-c6bbaea3cb844b10,London,other,Yes,110
SYN-DONOR-ee373f8e3d2245c2,Los Angeles,California,Yes,853
SYN-DONOR-e391ad211a144cac,Oakland,California,No,859
SYN-DONOR-0f4dbcc791a64fe7,Durham,North Carolina,No,673
SYN-DONOR-6b8dc27b022a4802,Oakland,California,No,097
SYN-DONOR-e0aa46d4fd6449d8,San Francisco,California,No,218
SYN-DONOR-7b14e55cb47a46bf,Austin,Texas,No,229
SYN-DONOR-4d1662b70c9e431b,Durham,North Carolina,Yes,312
SYN-DONOR-4668a40cf89c4457,Brooklyn,New York,Yes,377
SYN-DONOR-9df8925545a54c9f,Fort Worth,Texas,Yes,111
SYN-DONOR-af5c6abea16846b2,Brooklyn,New York,No,240
SYN-DONOR-fa8a8b770353495d,San Diego,California,No,910
SYN-DONOR-d548886548554a95,Tampa,Florida,No,801
SYN-DONOR-0b4ef9c2dcf84a6a,New York,New York,Yes,225
SYN-DONOR-9ce0bee29aa644e0,Buffalo,New York,Yes,612
SYN-DONOR-9557f359d7294a1f,Paris,other,No,539
SYN-DONOR-e43d1ba3dc294eeb,San Francisco,California,No,728
SYN-DONOR-6f76e3eee0f745f2,Chicago,Illinois,No,655
SYN-DONOR-a6eceeded73f4212,El Paso,Texas,No,668
SYN-DONOR-f93dca0030cd4408,Sacramento,California,Yes,705
SYN-DONOR-a1970ea504f945b7,Jacksonville,Florida,Yes,600
SYN-DONOR-63c72e7b50fe4a95,San Diego,California,No,265
SYN-DONOR-0f21d84dfc674f94,Naperville,Illinois,Yes,833
SYN-DONOR-6e8740c43a934059,San Jose,California,Yes,491
SYN-DONOR-8a20e3e4bc9345cb,Sacramento,California,No,707
SYN-DONOR-35920224a9c3495c,Rockford,Illinois,Yes,954
SYN-DONOR-058f117ba79248fe,San Jose,California,Yes,022
SYN-DONOR-b7a8585b63594903,Austin,Texas,No,945
SYN-DONOR-f7f7b7788fda43af,Queens,New York,No,790
SYN-DONOR-5d34f98ad51c491f,San Antonio,Texas,No,777
SYN-DONOR-ed99c30316fb4d4b,Bronx,New York,No,475
SYN-DONOR-3854112bc7a449b6,Queens,New York,Yes,688
SYN-DONOR-5dc620994f9144fd,Los Angeles,California,No,245
SYN-DONOR-350aac3998e54382,Rochester,New York,No,011
SYN-DONOR-42c4b03f93604498,Dallas,Texas,No,671
SYN-DONOR-383c3942791b43cb,Chicago,Illinois,Yes,376
SYN-DONOR-cfb57e66b56b49c5,Austin,Texas,No,922
SYN-DONOR-a13f658719154414,Sacramento,California,No,705
SYN-DONOR-e5cc3387c6cf4221,Los Angeles,California,No,830
SYN-DONOR-0f86cfec301240c2,London,other,No,110
SYN-DONOR-834fa6b0a369405a,San Diego,California,No,718
SYN-DONOR-042746acaca648cb,Durham,North Carolina,No,673
SYN-DONOR-aad5aab6ad1c4ed2,Chicago,Illinois,Yes,376
SYN-DONOR-3e6c03eb1efc4e6a,San Jose,California,Yes,972
SYN-DONOR-c2f9b5c213714c6e,Sacramento,California,No,018
SYN-DONOR-70babbd544b7492c,Houston,Texas,No,363
SYN-DONOR-7ae0d89911f040aa,San Francisco,California,Yes,935
SYN-DONOR-dcd8f080e0ff44d6,Raleigh,North Carolina,No,456
SYN-DONOR-8e3f545cd0e348b9,Naperville,Illinois,No,934
SYN-DONOR-962ff57f454e492a,Evanston,Illinois,No,090
SYN-DONOR-ae62ad98b9114e42,Fort Worth,Texas,Yes,234
SYN-DONOR-79bd430bafa9445e,Los Angeles,California,Yes,245
SYN-DONOR-de3e40ea9f5a4b6e,Los Angeles,California,No,189
SYN-DONOR-db7f8490c1304ce4,Rockford,Illinois,No,886
SYN-DONOR-3639a5797e124817,Sacramento,California,Yes,707
SYN-DONOR-a60bd00cd19a40a0,San Francisco,California,No,728
SYN-DONOR-1f9c1f464e8847ff,Naperville,Illinois,No,758
SYN-DONOR-28b051dd54c7454b,San Diego,California,No,338
SYN-DONOR-0fb2c4a140d94780,San Antonio,Texas,No,742
SYN-DONOR-c231274e500b4beb,San Jose,California,Yes,022
SYN-DONOR-d4c7b43da3b846ad,Los Angeles,California,No,471
SYN-DONOR-32aa3947456b4138,Naperville,Illinois,No,894
SYN-DONOR-794e6605b3c04e1c,Queens,New York,No,086
SYN-DONOR-f8561d78e7a14663,Fort Worth,Texas,No,234
SYN-DONOR-e9f3d2b8d2fb4959,San Jose,California,No,447
SYN-DONOR-dbc0f96870a246f1,Oakland,California,No,205
SYN-DONOR-3028fc5c18304539,San Diego,California,No,643
SYN-DONOR-363c456b841347d8,San Antonio,Texas,No,516
SYN-DONOR-879b06de06334c9e,Oakland,California,Yes,474
SYN-DONOR-66de68bfa1c142cc,San Jose,California,Yes,796
SYN-DONOR-d5b2dd53988f4fff,Fort Worth,Texas,No,061
SYN-DONOR-71b8ebed5845434e,Oakland,California,Yes,427
SYN-DONOR-b00e8f032f4f4335,Rochester,New York,No,445
SYN-DONOR-8aa2df3d6d504ecd,New York,New York,Yes,930
SYN-DONOR-1ba4404d082447a1,London,other,No,127
SYN-DONOR-2aff95fdda344edc,Sacramento,California,No,707
SYN-DONOR-6428849265f3489e,Tallahassee,Florida,No,813
SYN-DONOR-6235f3748daf4566,Sacramento,California,No,255
SYN-DONOR-240cfb4785604c68,Charlotte,North Carolina,No,277
SYN-DONOR-2f57f960d5d64a0a,San Diego,California,No,435
SYN-DONOR-b11d3f1b05404d1e,Austin,Texas,Yes,065
SYN-DONOR-a3960eacdcf94fd8,Queens,New York,No,984
SYN-DONOR-1f1368506dd94141,Oakland,California,No,286
SYN-DONOR-73c199f039f2401e,London,other,No,127
SYN-DONOR-a26d13da0e1144d6,El Paso,Texas,Yes,941
SYN-DONOR-b317e8dd7a4a49ec,New York,New York,Yes,620
SYN-DONOR-e344461162904519,San Jose,California,No,354
SYN-DONOR-cbb32908d55f41dd,Paris,other,Yes,539
SYN-DONOR-1091b4a13bcf44ed,San Diego,California,Yes,911
SYN-DONOR-5edca18c5c2e4c94,Paris,other,No,319
SYN-DONOR-db3854d1a8504c02,New York,New York,No,555
SYN-DONOR-4d1a95ef3f144e11,Naperville,Illinois,No,934
SYN-DONOR-8be82db38d6940d0,San Francisco,California,No,370
SYN-DONOR-0f59a8d3f7b2493b,Oakland,California,No,427
SYN-DONOR-7405a18d4b674da8,Houston,Texas,No,363
SYN-DONOR-f915c0d5203e40bb,Bronx,New York,No,772
SYN-DONOR-8775e326314b43c5,El Paso,Texas,No,627
SYN-DONOR-bedf3a35df1542d9,New York,New York,No,620
SYN-DONOR-936fce449af64a4f,Aurora,Illinois,Yes,299
SYN-DONOR-d0fbf4a8b11c4a3d,Brooklyn,New York,No,139
SYN-DONOR-f13d815190f94296,Miami,Florida,Yes,799
SYN-DONOR-a4322f94e1ac4efc,Buffalo,New York,No,612
SYN-DONOR-430f364d13254a25,Naperville,Illinois,No,701
SYN-DONOR-9d9849403cb44cbd,San Jose,California,Yes,354
SYN-DONOR-af271dd1c72c4a03,Aurora,Illinois,No,515
SYN-DONOR-cdb455a1a95a494e,Greensboro,North Carolina,No,521
SYN-DONOR-ba00641cb6ae4bf6,Chicago,Illinois,No,773
SYN-DONOR-a5c086cce87d459a,San Diego,California,Yes,159
SYN-DONOR-d44d2fd8641c4580,Rockford,Illinois,Yes,435
SYN-DONOR-25e75fe56bd64baf,Naperville,Illinois,No,647
SYN-DONOR-8be678e5f62641b8,Chicago,Illinois,No,835
SYN-DONOR-8caecf9c40cc400f,Rockford,Illinois,No,886
SYN-DONOR-bd57c21080b74b3a,San Jose,California,No,022
SYN-DONOR-2557dbc6afe249ea,Oakland,California,No,427
SYN-DONOR-1bad840dbb9546af,Charlotte,North Carolina,Yes,793
SYN-DONOR-9dc8f6d73c624dc6,Los Angeles,California,No,853
SYN-DONOR-5352c79b6b6a4ec1,New York,New York,No,440
SYN-DONOR-8b8a24bd86974537,Los Angeles,California,Yes,853
SYN-DONOR-d0c67252fbe84288,Austin,Texas,No,922
SYN-DONOR-1c30e823e6324d10,Fort Worth,Texas,No,931
SYN-DONOR-8d2a12599ed84b53,San Francisco,California,No,728
SYN-DONOR-7d847569295b4dad,Chicago,Illinois,No,982
SYN-DONOR-2b524ff06e9c414e,Charlotte,North Carolina,No,793
SYN-DONOR-c7f5a466316a456d,San Antonio,Texas,No,742
SYN-DONOR-206ee52e8fae4b94,Jacksonville,Florida,Yes,571
SYN-DONOR-449eed9be6b04ac8,Naperville,Illinois,No,701
SYN-DONOR-56bd35be44b0497b,San Jose,California,No,447
SYN-DONOR-08be63b2f0cf4630,Brooklyn,New York,No,139
SYN-DONOR-d98b2811c72746fa,San Jose,California,No,022
SYN-DONOR-6b3104cee0c945fc,Rochester,New York,Yes,584
SYN-DONOR-2908fae741124e0d,San Diego,California,No,643
SYN-DONOR-ff4fd10c639b42fb,New York,New York,No,440
SYN-DONOR-7a06fc21e8154cb4,New York,New York,No,590
SYN-DONOR-411fd8ea6a3c4bfc,London,other,No,110
SYN-DONOR-84b947d5c8794725,Oakland,California,Yes,427
SYN-DONOR-4c7a4af98f4a435a,San Jose,California,No,447
SYN-DONOR-fc9576e44fe24440,Jacksonville,Florida,No,942
SYN-DONOR-043fed23ec1044a2,Brooklyn,New York,Yes,722
SYN-DONOR-1784ac25bda540d2,Miami,Florida,No,250
SYN-DONOR-abc43a14b72a4390,Buffalo,New York,No,251
SYN-DONOR-d1f20dc81d08444e,Raleigh,North Carolina,No,507
SYN-DONOR-cf67f26793b54125,Dallas,Texas,Yes,671
SYN-DONOR-c44e3e2b5e3746b6,Sacramento,California,No,110
SYN-DONOR-69f82f31a9ee43df,Sacramento,California,No,310
SYN-DONOR-a4448eb102e34e57,Rockford,Illinois,No,886
SYN-DONOR-1b34c17405934919,Naperville,Illinois,No,758
SYN-DONOR-056ec3c06d404704,Naperville,Illinois,No,291
SYN-DONOR-308407c8b62c4ed2,San Diego,California,No,338
SYN-DONOR-d759e106dd2f4483,Oakland,California,Yes,427
SYN-DONOR-5f12086a2ce449b3,Evanston,Illinois,No,081
SYN-DONOR-c7687b747d564637,Sacramento,California,No,879
SYN-DONOR-34f082aaa3744e89,El Paso,Texas,No,162
SYN-DONOR-fc2cf9114b1c46a6,Jacksonville,Florida,No,600
SYN-DONOR-11e79ca6189d424c,Charlotte,North Carolina,No,793
SYN-DONOR-4d9bfcdcfbef4d3f,San Diego,California,Yes,435
SYN-DONOR-b103898af2824588,Evanston,Illinois,No,090
SYN-DONOR-c7410eff288642f3,Bronx,New York,No,772
SYN-DONOR-a94ad5f590374b72,New York,New York,No,225
SYN-DONOR-ca5ecd3196a14da0,Miami,Florida,Yes,204
SYN-DONOR-1fbeaf4f6e144c35,San Francisco,California,Yes,379
SYN-DONOR-4929bafb80ce43df,El Paso,Texas,No,668
SYN-DONOR-e3d737bbeda84fe8,Oakland,California,No,427
SYN-DONOR-7280ca5b22064ffb,San Diego,California,No,399
SYN-DONOR-fbe214b3a36a4bdb,Rockford,Illinois,Yes,954
SYN-DONOR-99dce644af3b48e3,Brooklyn,New York,No,647
SYN-DONOR-91da80a11d6a4629,Naperville,Illinois,No,971
SYN-DONOR-a721e733292342a1,Durham,North Carolina,No,673
SYN-DONOR-f8b7d567da954126,Raleigh,North Carolina,Yes,507
SYN-DONOR-67366f31079e48ba,San Jose,California,No,447
SYN-DONOR-c25f2248e38c482a,Naperville,Illinois,No,894
SYN-DONOR-69d86238d4e64655,Sacramento,California,No,707
SYN-DONOR-e345136159f24b60,Brooklyn,New York,No,268
SYN-DONOR-05172024835241cd,Naperville,Illinois,No,934
SYN-DONOR-72e96605c3e2490e,San Diego,California,No,643
SYN-DONOR-01ac4380eeb7489f,San Francisco,California,No,935
SYN-DONOR-ae6ae9b2605d4018,Houston,Texas,Yes,559
SYN-DONOR-9150b00a585243e9,Evanston,Illinois,Yes,081
SYN-DONOR-4940297b8f284c55,Rochester,New York,Yes,965
SYN-DONOR-f881aa0edd7f40b5,San Francisco,California,No,295
SYN-DONOR-fc4f29242d7d42c1,San Antonio,Texas,No,516
SYN-DONOR-95b4cb68cf8e447b,Paris,other,No,790
SYN-DONOR-1a8eb9ef29794867,San Francisco,California,No,379
SYN-DONOR-e5dfd7f783ee468f,San Diego,California,No,435
SYN-DONOR-495bdb55ceb045a5,San Jose,California,Yes,850
SYN-DONOR-88887f43c7454177,Chicago,Illinois,No,376
SYN-DONOR-9aa2d711c6ff4f2d,San Francisco,California,No,295
SYN-DONOR-13224e6e62ab477e,Buffalo,New York,No,612
SYN-DONOR-d690c93264d44934,San Jose,California,No,447
SYN-DONOR-6dd2382e68ba4a68,Bronx,New York,Yes,475
SYN-DONOR-49b90dc2f9c0498d,Sacramento,California,No,310
SYN-DONOR-4161ec01dd634968,Rockford,Illinois,No,435
SYN-DONOR-562e33aaeb264cdd,Austin,Texas,No,065
SYN-DONOR-7aefba73471c4def,Queens,New York,No,833
SYN-DONOR-e973e13a4d8e4286,San Jose,California,Yes,022
SYN-DONOR-59e7eb0db0b6416e,Orlando,Florida,No,529
SYN-DONOR-c7ee42af543e4877,Sacramento,California,Yes,110
SYN-DONOR-f71c227a86534ae0,Durham,North Carolina,No,312
SYN-DONOR-61fd699b46c14f94,El Paso,Texas,No,316
SYN-DONOR-9ae026ef1620434a,Fort Worth,Texas,No,234
SYN-DONOR-fa20597a48c044d3,San Francisco,California,Yes,218
SYN-DONOR-31d2d5476b0c43ac,New York,New York,No,555
SYN-DONOR-c0c398bfef944d5b,Los Angeles,California,No,853
SYN-DONOR-be2795dd52fe4b9a,Tampa,Florida,No,801
SYN-DONOR-adaed9fc639748b8,San Jose,California,No,850
SYN-DONOR-7a8311f5ba134adf,San Diego,California,Yes,265
SYN-DONOR-3401dc1fa4694645,San Jose,California,No,491
SYN-DONOR-aebbac806e174ad3,Fort Worth,Texas,Yes,061
SYN-DONOR-1d011ca922b846ea,Miami,Florida,Yes,250
SYN-DONOR-0c5b4123203f4800,Buffalo,New York,No,267
SYN-DONOR-05f8d92e3f734d13,Naperville,Illinois,No,894
SYN-DONOR-bcb22f06d45647cf,Naperville,Illinois,Yes,833
SYN-DONOR-eb7e54deccef4801,Sacramento,California,No,018
SYN-DONOR-25799344216b4737,Miami,Florida,Yes,799
SYN-DONOR-96df2b11c38b42a9,Fort Worth,Texas,Yes,111
SYN-DONOR-62580775de5e46aa,Oakland,California,No,112
SYN-DONOR-c6996bfefad147f0,Naperville,Illinois,No,249
SYN-DONOR-d4202f2b14c441c5,New York,New York,No,166
SYN-DONOR-811764d231c24af7,Dallas,Texas,Yes,695
SYN-DONOR-e4f73779eb954cae,Fort Worth,Texas,No,111
SYN-DONOR-4a8e274dba9c458b,Dallas,Texas,No,403
SYN-DONOR-73ffa20efc3d48cb,Jacksonville,Florida,No,263
SYN-DONOR-ad625a2cdcf14800,Tampa,Florida,Yes,530
SYN-DONOR-5607a42815344c5e,Greensboro,North Carolina,Yes,521
SYN-DONOR-c05470fdaead4588,San Antonio,Texas,No,268
SYN-DONOR-70eb28a66b1842c7,San Francisco,California,No,370
SYN-DONOR-1f3deb1957fb4c2d,Fort Worth,Texas,No,931
SYN-DONOR-2f0f3c34d11e4191,London,other,No,127
SYN-DONOR-504cdf71d1404875,Raleigh,North Carolina,No,456
SYN-DONOR-5bb2822143df4d1f,Sacramento,California,No,333
SYN-DONOR-071396034f76403f,Austin,Texas,Yes,945
SYN-DONOR-9213aef495a244a5,Sacramento,California,Yes,705
SYN-DONOR-003b5cd46ac342d3,Fort Worth,Texas,No,459
SYN-DONOR-986058cbd3794248,San Diego,California,No,718
SYN-DONOR-f4c742427ca94d74,Miami,Florida,No,250
SYN-DONOR-5cc8d9aaeb484ea3,Tampa,Florida,Yes,801
SYN-DONOR-4e30814a19a34dd3,San Antonio,Texas,No,777
SYN-DONOR-7398ba4a742c4753,San Francisco,California,No,563
SYN-DONOR-9af0cd560efb4da9,San Francisco,California,No,728
SYN-DONOR-b134844c9148426e,El Paso,Texas,No,162
SYN-DONOR-6430ac9343014f2b,Rockford,Illinois,No,954
SYN-DONOR-3aa1f66cde384693,Oakland,California,No,859
SYN-DONOR-ff24e25814da431c,Queens,New York,No,984
SYN-DONOR-1cd79fe5e7474742,Evanston,Illinois,No,081
SYN-DONOR-97431d462a7047a6,Rockford,Illinois,No,643
SYN-DONOR-f1e79c80cd24459f,Austin,Texas,No,945
SYN-DONOR-6052b73fdfbc4a04,San Francisco,California,No,218
SYN-DONOR-1ce134c49c1748cc,Los Angeles,California,No,830
SYN-DONOR-9811946f9fda48e6,San Antonio,Texas,No,742
SYN-DONOR-35595265a3e444ab,Charlotte,North Carolina,No,793
SYN-DONOR-cb399ad3d6f54086,Los Angeles,California,No,853
SYN-DONOR-eef0e5bd59c84429,Chicago,Illinois,No,937
SYN-DONOR-15d3e0e136764fc9,San Antonio,Texas,No,777
SYN-DONOR-bed477f9dc3e40af,Miami,Florida,No,474
SYN-DONOR-a0ac4477316a4a18,Tampa,Florida,No,035
SYN-DONOR-6367890ca6c443e4,Rochester,New York,No,636
SYN-DONOR-bacf43cadf1a4838,El Paso,Texas,No,212
SYN-DONOR-2b0388a382884171,Austin,Texas,No,876
SYN-DONOR-240335d2663b4ce5,New York,New York,Yes,166
SYN-DONOR-96d205ccda0e450b,Jacksonville,Florida,No,651
SYN-DONOR-320d7a5b7f3541f1,Sacramento,California,No,310
SYN-DONOR-0b61cb89f6a34913,San Antonio,Texas,No,516
SYN-DONOR-cefa61ba6b604658,Aurora,Illinois,Yes,515
SYN-DONOR-ce41ba8b88e84493,San Antonio,Texas,Yes,777
SYN-DONOR-cda892faf3d248a7,Oakland,California,No,286
SYN-DONOR-1ddb36f5e439428e,Oakland,California,No,716
SYN-DONOR-03bd8d25f00f47f4,Queens,New York,No,688
SYN-DONOR-fb3a0d66ca5d45df,Brooklyn,New York,Yes,722
SYN-DONOR-4dd4ea1d575c4128,Austin,Texas,No,922
SYN-DONOR-b2051045ee074c2f,Oakland,California,No,112
SYN-DONOR-cdf8e80facdb4374,San Diego,California,No,911
SYN-DONOR-63751718c5a14c66,Dallas,Texas,Yes,403
SYN-DONOR-166e4302c1a7451d,Greensboro,North Carolina,Yes,883
SYN-DONOR-29601d3a11e84513,Fort Worth,Texas,No,111
SYN-DONOR-33d5a41fb2a24637,El Paso,Texas,No,668
SYN-DONOR-b6c56ae1bd36481c,Austin,Texas,No,083
SYN-DONOR-12f3673b2bfb4ade,Paris,other,No,539
SYN-DONOR-a595383ba2a64710,Queens,New York,Yes,984
SYN-DONOR-1201929c889149bd,San Antonio,Texas,No,777
SYN-DONOR-a5d568bf55854107,El Paso,Texas,No,668
SYN-DONOR-1944d5533b5c40ec,Aurora,Illinois,Yes,788
SYN-DONOR-7d6ae80a03fa4639,San Jose,California,No,354
SYN-DONOR-9f280a07fc904782,New York,New York,No,590
SYN-DONOR-aad71d5b5a9849e1,Naperville,Illinois,No,156
SYN-DONOR-2c7c9901672d4e7a,Paris,other,No,319
SYN-DONOR-5dc2b77ab2454fba,Jacksonville,Florida,No,263
SYN-DONOR-516c6bc56f2f4a4b,San Jose,California,Yes,491
SYN-DONOR-4e46db156ce64116,Naperville,Illinois,No,647
SYN-DONOR-77eb8e8f2fae468f,Orlando,Florida,No,861
SYN-DONOR-b4afe1af2c0e41b9,Orlando,Florida,No,529
SYN-DONOR-84da309cd66044f6,Charlotte,North Carolina,No,793
SYN-DONOR-dcd1f76ca3484562,Fort Worth,Texas,No,111
SYN-DONOR-51e779e491964332,Los Angeles,California,No,999
SYN-DONOR-7dd38ace1e744cc1,Miami,Florida,No,799
SYN-DONOR-d794b6ced9e0459d,Chicago,Illinois,No,982
SYN-DONOR-98a90ad96beb4426,Los Angeles,California,No,420
SYN-DONOR-8fa81a59b8734c35,Charlotte,North Carolina,No,277
SYN-DONOR-d86bf7bc00364b15,Miami,Florida,No,818
SYN-DONOR-47128f71e0974af7,Fort Worth,Texas,No,111
SYN-DONOR-ca6555c5aeec4d94,Dallas,Texas,No,671
SYN-DONOR-64dcf94559544070,New York,New York,No,555
SYN-DONOR-1cde82bd2cb54789,San Jose,California,No,022
SYN-DONOR-7dabf3770ae449d0,Austin,Texas,Yes,229
SYN-DONOR-e3bdf3281dd342f8,Naperville,Illinois,No,647
SYN-DONOR-f62e05344cbd4e86,Evanston,Illinois,No,144
SYN-DONOR-e209abc35ddb4ec1,San Diego,California,No,435
SYN-DONOR-58a27cb5cb4145b3,Austin,Texas,Yes,065
SYN-DONOR-87be483e2a54420d,Miami,Florida,No,818
SYN-DONOR-98499f822fe7446e,San Jose,California,No,850
SYN-DONOR-3762ec94d3a34e43,Fort Worth,Texas,Yes,097
SYN-DONOR-ec0b359e58344d85,Raleigh,North Carolina,Yes,864
SYN-DONOR-f52673d77d3f4be0,Queens,New York,Yes,092
SYN-DONOR-48fc5d83a5c84df6,El Paso,Texas,Yes,212
SYN-DONOR-eca3e361270649ec,Evanston,Illinois,No,081
SYN-DONOR-5e15638672804f96,Miami,Florida,No,563
SYN-DONOR-4b2eba8c6e3b4c4b,Queens,New York,No,984
SYN-DONOR-7da31ee059c84b79,Chicago,Illinois,No,835
SYN-DONOR-e0405b27a50240f5,Greensboro,North Carolina,No,521
SYN-DONOR-63396a96dd414b5e,Fort Worth,Texas,No,234
SYN-DONOR-84411f54571842ea,Austin,Texas,No,743
SYN-DONOR-c07ea239dcc34fd7,Oakland,California,No,474
SYN-DONOR-abcd8ef373534ba9,Greensboro,North Carolina,No,521
SYN-DONOR-a4cdecb9c26b4fd0,Dallas,Texas,No,671
SYN-DONOR-2511d20282e84fbc,San Jose,California,Yes,796
SYN-DONOR-9a4d8913ccf24265,San Jose,California,No,354
SYN-DONOR-0551d3dbe91648aa,Charlotte,North Carolina,No,277
SYN-DONOR-be6b912f9a3044c5,Oakland,California,No,716
SYN-DONOR-e877b5ac6b844013,Naperville,Illinois,No,249
SYN-DONOR-024ce74dea47496e,Rockford,Illinois,No,770
SYN-DONOR-55971fcebeb54213,Los Angeles,California,No,243
SYN-DONOR-9775f4079745406b,Austin,Texas,Yes,065
SYN-DONOR-c1eb3628a4904732,Austin,Texas,Yes,876
SYN-DONOR-35cbd47ac56d4d7a,Sacramento,California,No,255
SYN-DONOR-997afc79db9647e9,Fort Worth,Texas,Yes,061
SYN-DONOR-c5d159b182904bac,Jacksonville,Florida,No,651
SYN-DONOR-fd771e6d5e244a2b,Chicago,Illinois,No,655
SYN-DONOR-ebaa91b51f3d43dc,Los Angeles,California,No,189
SYN-DONOR-04797c327056410c,Naperville,Illinois,No,291
SYN-DONOR-f6c9f8ad243a408b,Raleigh,North Carolina,No,507
SYN-DONOR-a85ceff8d85b4a2c,Rochester,New York,Yes,445
SYN-DONOR-d466f2a7b6c24bf9,Los Angeles,California,No,998
SYN-DONOR-20cdbdf6b0604ff2,San Antonio,Texas,No,268
SYN-DONOR-923f1fee69b84b7b,San Jose,California,Yes,955
SYN-DONOR-9fc915a70d77458f,Oakland,California,No,112
SYN-DONOR-3ba210697fdb4b1e,New York,New York,Yes,590
SYN-DONOR-d41fc99fa8dd44b8,Orlando,Florida,No,861
SYN-DONOR-f4fcb4074df143d2,El Paso,Texas,No,423
SYN-DONOR-bce5dbd1cbd847c9,New York,New York,No,930
SYN-DONOR-82f35b3c15164271,Los Angeles,California,No,189
SYN-DONOR-7ad3032b7c664c48,San Diego,California,No,338
SYN-DONOR-5a6af94837804bc2,Oakland,California,No,716
SYN-DONOR-07edd716a7944646,El Paso,Texas,No,061
SYN-DONOR-c06d883900bb4617,Oakland,California,No,859
SYN-DONOR-78d48aeab2f147cc,Rockford,Illinois,No,954
SYN-DONOR-4cfca1eb6c6c453b,Naperville,Illinois,No,701
SYN-DONOR-ff447219578c46ff,San Francisco,California,No,379
SYN-DONOR-0c17c9e8ab13489c,Miami,Florida,Yes,474
SYN-DONOR-c88a909bd9af4a9a,Dallas,Texas,No,260
SYN-DONOR-c520f75fd6f847d2,Houston,Texas,No,559
SYN-DONOR-c6d8328b45424436,Los Angeles,California,No,999
SYN-DONOR-1ecc649e35094c46,Los Angeles,California,No,363
SYN-DONOR-4f191e2e22844845,Brooklyn,New York,No,647
SYN-DONOR-dca7831b74b94560,Raleigh,North Carolina,No,300
SYN-DONOR-ce5d93f406c143cd,Los Angeles,California,No,321
SYN-DONOR-bc9d480a38e34986,Evanston,Illinois,Yes,120
SYN-DONOR-0ddd8fba112f4c06,San Jose,California,Yes,972
SYN-DONOR-e32af4deac374c79,Naperville,Illinois,Yes,971
SYN-DONOR-47c6921bb1f7490e,Charlotte,North Carolina,No,277
SYN-DONOR-acd96a2bd0af4524,San Jose,California,No,491
SYN-DONOR-3547128bce2e4be7,New York,New York,No,590
SYN-DONOR-a75e0e1b78a040b9,Miami,Florida,No,204
SYN-DONOR-7d524d1b760643f6,Los Angeles,California,No,853
SYN-DONOR-a947b2cf94e548c3,Unknown,other,No,342
SYN-DONOR-e6475ab57c0442b2,Miami,Florida,No,799
SYN-DONOR-94220059033c4706,Miami,Florida,No,204
SYN-DONOR-0210c362245e49ac,New York,New York,No,555
SYN-DONOR-12bce07c2d1d44f6,Brooklyn,New York,Yes,728
SYN-DONOR-440a2b1bfc254b42,Brooklyn,New York,No,377
SYN-DONOR-fd44982786b041ad,Los Angeles,California,No,420
SYN-DONOR-cf4dfd1e5aa345aa,Fort Worth,Texas,No,459
SYN-DONOR-6dedbf68ad3d45ed,Aurora,Illinois,No,788
SYN-DONOR-294660a8a7894046,Bronx,New York,No,181
SYN-DONOR-d522df0aab2544e8,London,other,No,110
SYN-DONOR-7fe87dc23d804f14,Buffalo,New York,No,612
SYN-DONOR-5abb0612e46e437f,Naperville,Illinois,No,689
SYN-DONOR-90e9175be0824cf1,San Jose,California,No,354
SYN-DONOR-1b496789569242b0,Miami,Florida,No,474
SYN-DONOR-5ab9e04e56734851,San Francisco,California,No,379
SYN-DONOR-05b251927549451a,Dallas,Texas,No,695
SYN-DONOR-00b09a90a9834504,San Diego,California,Yes,159
SYN-DONOR-238aee0e54e74ff5,Brooklyn,New York,Yes,139
SYN-DONOR-38516f1a21ca4f7d,El Paso,Texas,No,423
SYN-DONOR-9f155007e097478b,Los Angeles,California,No,830
SYN-DONOR-0c806a1ab8ef4d50,Dallas,Texas,No,260
SYN-DONOR-f1ebfc96028c4385,San Francisco,California,No,218
SYN-DONOR-f7209da8a6354680,Oakland,California,No,112
SYN-DONOR-989653be34994a54,Durham,North Carolina,Yes,673
SYN-DONOR-5221ee3ee00f44c8,Sacramento,California,No,707
SYN-DONOR-5da9ff8965d14da8,Naperville,Illinois,No,833
SYN-DONOR-2523503a2e944b61,Los Angeles,California,No,830
SYN-DONOR-b2ae0cb794cf43a5,Sacramento,California,No,879
SYN-DONOR-ab5bb6c2a5db41ab,Oakland,California,No,716
SYN-DONOR-91528e73e56b45cf,New York,New York,No,166
SYN-DONOR-d208a1ab50f444fc,Oakland,California,No,097
SYN-DONOR-4245aa0657df48d9,Houston,Texas,Yes,173
SYN-DONOR-8d81041f41e44e26,El Paso,Texas,No,941
SYN-DONOR-e035289e4c284f11,Jacksonville,Florida,No,263
SYN-DONOR-e57309078c184e41,Sacramento,California,No,018
SYN-DONOR-82cbfe8705364b1c,Dallas,Texas,No,403
SYN-DONOR-9bff935a8c0948d9,Austin,Texas,No,945
SYN-DONOR-74e11f5ca1b841e3,Chicago,Illinois,Yes,376
SYN-DONOR-5f728b9410f94ffe,Brooklyn,New York,No,075
SYN-DONOR-2e46266a35944cdc,Raleigh,North Carolina,No,864
SYN-DONOR-5b8d1506e9fd4c7c,Aurora,Illinois,No,299
SYN-DONOR-f991981399854014,Austin,Texas,No,945
SYN-DONOR-a74fb73da1bc4508,New York,New York,No,225
SYN-DONOR-7d9b9a247b114ea7,Oakland,California,Yes,474
SYN-DONOR-335736f28ebc4f79,San Antonio,Texas,No,516
SYN-DONOR-e1a22aa56c174944,Jacksonville,Florida,No,571
SYN-DONOR-c7254fad427f4c6c,Paris,other,No,539
SYN-DONOR-9e30b9057c014ff8,Evanston,Illinois,No,144
SYN-DONOR-7679d9846ed0472f,Dallas,Texas,No,671
SYN-DONOR-618903a0b2534a09,New York,New York,No,381
SYN-DONOR-af0410849de44f3e,Raleigh,North Carolina,No,864
SYN-DONOR-30b9ccd07efd41ce,San Jose,California,No,972
SYN-DONOR-d7e43aa937904c46,Evanston,Illinois,No,090
SYN-DONOR-6611ae0377494f77,Buffalo,New York,No,251
SYN-DONOR-0ad60519839045f8,San Diego,California,Yes,159
SYN-DONOR-0a19710421a8493d,Fort Worth,Texas,No,097
SYN-DONOR-e3c02d56941844ff,New York,New York,Yes,930
SYN-DONOR-e4d4af77196740d2,San Diego,California,No,563
SYN-DONOR-adf4aac427bd4599,Chicago,Illinois,No,376
SYN-DONOR-9d5748b627ac4271,Fort Worth,Texas,No,234
SYN-DONOR-bc7e1362862140e5,Dallas,Texas,No,695
SYN-DONOR-5cb16f248f214d1e,Rochester,New York,No,965
SYN-DONOR-420bf33a6e534f5b,Jacksonville,Florida,No,263
SYN-DONOR-c3583ced23aa4123,Naperville,Illinois,No,156
SYN-DONOR-0fa7e8c6e4ab4f6e,Oakland,California,Yes,097
SYN-DONOR-185fd6426d2943cf,Oakland,California,No,474
SYN-DONOR-0a2990453eb7490b,Jacksonville,Florida,No,651
SYN-DONOR-49d584d497ea4387,San Francisco,California,No,370
SYN-DONOR-fcccbd9ff29448fa,San Francisco,California,Yes,114
SYN-DONOR-9f51ee4d98a547d5,Miami,Florida,No,204
SYN-DONOR-8ea820197c4a48b0,San Diego,California,No,718
SYN-DONOR-5728bf5183c94c68,San Jose,California,No,955
SYN-DONOR-50cc6e75d4f64a0b,San Diego,California,No,226
SYN-DONOR-db88e5a5ffc2484b,El Paso,Texas,Yes,668
SYN-DONOR-a1821292386944ca,Rockford,Illinois,No,435
SYN-DONOR-5b9401f870c04909,Naperville,Illinois,Yes,249
SYN-DONOR-83b28391d0fc4b0d,Rockford,Illinois,No,954
SYN-DONOR-c532f724abfc4c27,El Paso,Texas,No,668
SYN-DONOR-c172998ee4384133,Austin,Texas,No,743
SYN-DONOR-38d338496c444ed9,Rockford,Illinois,Yes,886
SYN-DONOR-e21ab43c076d452d,Sacramento,California,No,903
SYN-DONOR-ccc7644d44dd430c,Naperville,Illinois,No,833
SYN-DONOR-204a0fcb7cc34b74,Miami,Florida,No,250
SYN-DONOR-e4b0a23c26a04d73,Sacramento,California,Yes,443
SYN-DONOR-a52a9b5cdf1a412a,Austin,Texas,No,065
SYN-DONOR-c99c73a255dc4749,Rochester,New York,No,011
SYN-DONOR-a8adbadd1fdf44d8,Naperville,Illinois,No,833
SYN-DONOR-e8da47808cb84a38,Evanston,Illinois,No,120
SYN-DONOR-1edd02540d664cda,Sacramento,California,No,879
SYN-DONOR-f8b005a634d44397,Naperville,Illinois,No,833
SYN-DONOR-5daa258560384d87,Oakland,California,Yes,474
SYN-DONOR-acdf7d6a040a415b,Paris,other,No,790
SYN-DONOR-d478a4e313be4212,El Paso,Texas,Yes,668
SYN-DONOR-8b75f01bbfd0496a,El Paso,Texas,No,162
SYN-DONOR-5fe6c1f974d04a92,Rockford,Illinois,No,886
SYN-DONOR-806f11b9a5bc469e,San Francisco,California,Yes,218
SYN-DONOR-542a6fe9552e47b1,Miami,Florida,No,818
SYN-DONOR-555fe8fe17614cb3,Aurora,Illinois,Yes,788
SYN-DONOR-0bd3e68ac588490d,Raleigh,North Carolina,No,507
SYN-DONOR-15afedbffc5948b3,Bronx,New York,Yes,181
SYN-DONOR-991c7c0c9a874c6b,Orlando,Florida,No,119
SYN-DONOR-cfe237a25f244ab4,London,other,No,127
SYN-DONOR-deb5126e063246d5,San Antonio,Texas,No,516
SYN-DONOR-50d35b9c67e842db,Oakland,California,Yes,112
SYN-DONOR-3c2987ae62c64260,Naperville,Illinois,No,934
SYN-DONOR-d0033e7f81684ea8,Oakland,California,No,859
SYN-DONOR-f3911b85c637463f,San Antonio,Texas,No,516
SYN-DONOR-2f181dc6183b4d16,Oakland,California,Yes,859
SYN-DONOR-080836e5cdfa4d1c,San Diego,California,No,226
SYN-DONOR-39b507c1268f422f,San Jose,California,No,354
SYN-DONOR-c461bfbdee114cf1,Aurora,Illinois,No,299
SYN-DONOR-3293103d9d414316,Chicago,Illinois,No,937
SYN-DONOR-0e199eb1d3fc4003,San Jose,California,No,105
SYN-DONOR-eea290ef4c8c4e96,Oakland,California,No,286
SYN-DONOR-eb409830cd4e475e,San Diego,California,No,338
SYN-DONOR-bd4fa31220b44a7b,New York,New York,Yes,166
SYN-DONOR-cfe599e988dc47c9,Oakland,California,Yes,205
SYN-DONOR-4c699d749b0d44b5,Naperville,Illinois,No,291
SYN-DONOR-97cdaf6433fc4f62,Sacramento,California,No,110
SYN-DONOR-9c55ecca7fb3494f,Oakland,California,No,286
SYN-DONOR-a7b9336713ef47ca,New York,New York,No,930
SYN-DONOR-6154f69c98ac41e2,San Jose,California,No,022
SYN-DONOR-8cb06ae2985a42e9,San Antonio,Texas,Yes,742
SYN-DONOR-6c7c3b9f76db4a3f,Evanston,Illinois,No,120
SYN-DONOR-9cdccf926f6f48c6,Rochester,New York,No,584
SYN-DONOR-debf98364b3d4d25,San Antonio,Texas,No,742
SYN-DONOR-bb6c55ff5af64ed2,Chicago,Illinois,Yes,937
SYN-DONOR-aab1b7b44fe14522,Miami,Florida,No,563
SYN-DONOR-e3b7c166ee8b46f3,Los Angeles,California,No,420
SYN-DONOR-e17aff2088af48f0,Los Angeles,California,Yes,471
SYN-DONOR-46408ff42fc3406c,Austin,Texas,No,876
SYN-DONOR-c20c0ce63eeb4283,Tampa,Florida,No,035
SYN-DONOR-c0ca6a6043a04cdd,Bronx,New York,No,858
SYN-DONOR-da7a8c67fa594d4d,Evanston,Illinois,No,144
SYN-DONOR-7fa2c066e67b4d56,Jacksonville,Florida,No,942
SYN-DONOR-53cb282efcde4568,El Paso,Texas,No,162
SYN-DONOR-151613b8eed64dec,Chicago,Illinois,No,773
SYN-DONOR-3c00febfb22b419c,Rockford,Illinois,No,886
SYN-DONOR-a17fdde9478a490b,Los Angeles,California,Yes,245
SYN-DONOR-b40efc3325a94f3a,Austin,Texas,Yes,945
SYN-DONOR-f817fc25350a4968,Naperville,Illinois,No,249
SYN-DONOR-de1be7e91bcb4a06,San Antonio,Texas,No,516
SYN-DONOR-50c2ada4ab0d4178,Naperville,Illinois,No,894
SYN-DONOR-cf7cc0c22f1c4136,Naperville,Illinois,No,156
SYN-DONOR-eed9e6174e6f4431,Queens,New York,No,688
SYN-DONOR-9decdabf61904799,Naperville,Illinois,No,689
SYN-DONOR-da76fd44ff2e42ce,Fort Worth,Texas,Yes,931
SYN-DONOR-3e86495579ce480f,Austin,Texas,No,083
SYN-DONOR-32be15e4f5b746a1,Brooklyn,New York,No,139
SYN-DONOR-08b6c5f6801243d3,Durham,North Carolina,Yes,673
SYN-DONOR-40348ebc46844477,San Jose,California,No,105
SYN-DONOR-3e5fbb0428714ea0,Rochester,New York,No,636
SYN-DONOR-82ac9aaa18f04852,Austin,Texas,No,876
SYN-DONOR-7de4d4dcbc134a51,Rochester,New York,No,636
SYN-DONOR-291d9cfd7b4d47d2,Brooklyn,New York,No,377
SYN-DONOR-5cbbf7e3f899433a,Orlando,Florida,No,861
SYN-DONOR-3c8f352abb8e4eb1,Queens,New York,Yes,092
SYN-DONOR-fd6d46e8ca7b47e7,Chicago,Illinois,No,937
SYN-DONOR-dcd7043bb5e74d88,Los Angeles,California,No,830
SYN-DONOR-9cb314ae5d054b1e,Los Angeles,California,Yes,420
SYN-DONOR-f840fd61debc4d4b,Raleigh,North Carolina,No,507
SYN-DONOR-cb6de9571ebc455e,Queens,New York,No,833
SYN-DONOR-365c40cbf94143ed,Rochester,New York,No,445
SYN-DONOR-bcc94e605f5f4d94,Dallas,Texas,No,403
SYN-DONOR-6de235e050b8481c,San Francisco,California,No,935
SYN-DONOR-5282813aa3224d93,San Diego,California,No,563
SYN-DONOR-a0443a0639ed4b24,Sacramento,California,No,110
SYN-DONOR-75d3ddf5d48644cd,Austin,Texas,No,876
SYN-DONOR-ed1f369fd5fd4dae,Los Angeles,California,No,189
SYN-DONOR-e06feee7fa384b68,London,other,No,127
SYN-DONOR-b19f07823b2d429d,Miami,Florida,No,563
SYN-DONOR-64c93408cf6643e8,Naperville,Illinois,Yes,689
SYN-DONOR-fdb16aeabe824f13,Rochester,New York,No,011
SYN-DONOR-163e83079f6f409e,Durham,North Carolina,Yes,312
SYN-DONOR-5abab54222dd42b4,Dallas,Texas,No,260
SYN-DONOR-2ba3e20022294848,Sacramento,California,Yes,903
SYN-DONOR-8818ed09935541eb,Miami,Florida,No,204
SYN-DONOR-e9fd9c1ba9214b83,San Diego,California,No,226
SYN-DONOR-dda4a654daad48fe,Brooklyn,New York,No,075
SYN-DONOR-27cffe1e7b594fd1,San Diego,California,No,159
SYN-DONOR-b853c77e7c7e45f4,Raleigh,North Carolina,No,456
SYN-DONOR-48a67483cd6c499d,Evanston,Illinois,No,232
SYN-DONOR-88fed694d88346b6,Los Angeles,California,Yes,998
SYN-DONOR-b033accce9054d99,El Paso,Texas,Yes,627
SYN-DONOR-66a2fee381f446ba,Miami,Florida,Yes,563
SYN-DONOR-4d317b0cca8f40b5,New York,New York,No,225
SYN-DONOR-d5e888019a594622,Jacksonville,Florida,No,600
SYN-DONOR-6f0c76589b7946ed,Sacramento,California,No,705
SYN-DONOR-22839b4ab3164d5e,Tampa,Florida,No,035
SYN-DONOR-18a4d4a47e744b04,Queens,New York,No,092
SYN-DONOR-c6b8f6c7b546466e,San Jose,California,No,796
SYN-DONOR-16e5fab787404827,Charlotte,North Carolina,No,277
SYN-DONOR-c148baedac6b4d41,San Francisco,California,No,370
SYN-DONOR-6cd3ba7f4c714c25,Austin,Texas,No,922
SYN-DONOR-dbfcac941cdb4457,Houston,Texas,No,559
SYN-DONOR-1945cdd3913449fe,Los Angeles,California,No,853
SYN-DONOR-91ce7ca8066a4d38,Rockford,Illinois,Yes,435
SYN-DONOR-9520f8882df2423a,Fort Worth,Texas,No,061
SYN-DONOR-a24d94328a9f4f99,Charlotte,North Carolina,Yes,793
SYN-DONOR-b450dcf28e0842d3,Sacramento,California,No,707
SYN-DONOR-249f911a4ed441d5,Buffalo,New York,Yes,758
SYN-DONOR-0486bd01f0cd4638,Queens,New York,No,833
SYN-DONOR-fd01f7608e294444,San Jose,California,No,354
SYN-DONOR-11cde99fba3b4ddb,El Paso,Texas,No,212
SYN-DONOR-4b81586b394b41a4,Sacramento,California,Yes,310
SYN-DONOR-938fb5f6e20248eb,El Paso,Texas,No,162
SYN-DONOR-eed6497b7cba428a,Austin,Texas,No,922
SYN-DONOR-93c3540bc2534dd8,Oakland,California,No,427
SYN-DONOR-e93b115c41434aea,Aurora,Illinois,No,299
SYN-DONOR-c49f893e8f744522,Austin,Texas,No,065
SYN-DONOR-15bde711fb244823,Oakland,California,Yes,716
SYN-DONOR-d035995f4c594351,Charlotte,North Carolina,No,277
SYN-DONOR-a52ed3d669524c60,Raleigh,North Carolina,No,300
SYN-DONOR-53d9f7c2a7954afe,Austin,Texas,Yes,922
SYN-DONOR-979336aa4b004c12,Greensboro,North Carolina,Yes,883
SYN-DONOR-b1b155a78fba4847,Brooklyn,New York,No,377
SYN-DONOR-a7588470a60c4097,Fort Worth,Texas,No,097
SYN-DONOR-6bd4d01e636947e8,Buffalo,New York,No,251
SYN-DONOR-c8b51f0207d945b8,El Paso,Texas,No,316
SYN-DONOR-84b9e12c7b884eb4,New York,New York,No,440
SYN-DONOR-b001f83dfd7246ba,Sacramento,California,No,879
SYN-DONOR-ace7d85d5bad4131,Tallahassee,Florida,No,365
SYN-DONOR-cf91671e8bba4e6a,Charlotte,North Carolina,No,277
SYN-DONOR-e22b6c9bdafb4eae,Jacksonville,Florida,No,651
SYN-DONOR-cc198755be324bac,San Jose,California,Yes,447
SYN-DONOR-9236418c278c4f7c,Charlotte,North Carolina,No,461
SYN-DONOR-14638470dab44c3c,San Diego,California,No,265
SYN-DONOR-119db55ef4664f17,Evanston,Illinois,Yes,081
SYN-DONOR-9b373af1e5784046,Queens,New York,No,790
SYN-DONOR-955900ae72a14ff3,San Diego,California,Yes,910
SYN-DONOR-07fe597f2d5a4605,Oakland,California,No,097
SYN-DONOR-1490e34716f242a7,Orlando,Florida,No,036
SYN-DONOR-85fec5cf1ddd4879,Evanston,Illinois,No,144
SYN-DONOR-7f55c14235e74afb,Naperville,Illinois,Yes,934
SYN-DONOR-1b87cf8980b34ae1,Sacramento,California,No,707
SYN-DONOR-1cebe2d5faa347ea,Rochester,New York,No,584
SYN-DONOR-ee5147e6a6b740f4,Naperville,Illinois,No,971
SYN-DONOR-800f8c21a19142e4,Evanston,Illinois,No,090
SYN-DONOR-8cb0eacc7ff046b9,Orlando,Florida,No,119
SYN-DONOR-67fd5ae2f5684dd3,Oakland,California,No,112
SYN-DONOR-ddaf8425f7484426,Miami,Florida,No,818
SYN-DONOR-7333e3e9dfb346a8,Miami,Florida,No,799
SYN-DONOR-917a04303cab4ced,Fort Worth,Texas,No,459
SYN-DONOR-6773419e2e504afe,Brooklyn,New York,Yes,722
SYN-DONOR-3405a80f97054a90,Oakland,California,No,859
SYN-DONOR-dbfcc85eefae45a6,San Jose,California,Yes,850
SYN-DONOR-a0f0099e9bcb4d4f,San Francisco,California,No,935
SYN-DONOR-2dd7233fe4b14538,Raleigh,North Carolina,No,300
SYN-DONOR-02073d26a23e4ec5,Fort Worth,Texas,No,931
SYN-DONOR-17b425fdba8646f8,El Paso,Texas,No,061
SYN-DONOR-ccae823befb44e16,San Diego,California,No,643
SYN-DONOR-187b2aa563bd4bad,San Antonio,Texas,No,516
SYN-DONOR-86ed4ddfa8374793,Aurora,Illinois,No,312
SYN-DONOR-6edbabfbe5db42a7,Houston,Texas,No,559
SYN-DONOR-c80b80506a184110,Jacksonville,Florida,No,263
SYN-DONOR-67be80eb9f8945c4,Los Angeles,California,No,471
SYN-DONOR-197aca55947b48f8,Rochester,New York,No,550
SYN-DONOR-df582da68b3e4517,Tampa,Florida,No,530
SYN-DONOR-a417d3cdcbf6421a,Austin,Texas,No,229
SYN-DONOR-2a9d51ecc93c4a54,Chicago,Illinois,No,891
SYN-DONOR-ba4920bc375e4b1e,Sacramento,California,No,903
SYN-DONOR-9fd3fdf1c02f4697,Rockford,Illinois,No,670
SYN-DONOR-2b981837ce584f88,Brooklyn,New York,No,240
SYN-DONOR-b2328d4af8cf485e,San Francisco,California,No,935
SYN-DONOR-a22de242f5744531,Raleigh,North Carolina,No,864
SYN-DONOR-815d0c67db9948aa,Sacramento,California,No,110
SYN-DONOR-6a85fa67e4ff4aa2,Fort Worth,Texas,No,061
SYN-DONOR-39b2acd0ea024a10,Oakland,California,No,716
SYN-DONOR-f97b20786de04174,Evanston,Illinois,No,144
SYN-DONOR-009965790d9b44a6,San Diego,California,No,911
SYN-DONOR-5ab53c1c356245aa,Oakland,California,No,427
SYN-DONOR-b4f7135cd05947bb,Brooklyn,New York,No,377
SYN-DONOR-b8a3aff2e7f44969,Chicago,Illinois,Yes,773
SYN-DONOR-98a9c25d0c5e4d41,San Jose,California,No,850
SYN-DONOR-af743b69556d4edc,Greensboro,North Carolina,No,883
SYN-DONOR-916608e3d1304cf1,Jacksonville,Florida,No,942
SYN-DONOR-cd9ccfe49a5941c3,Aurora,Illinois,No,788
SYN-DONOR-5399b0b1b2ea4059,Greensboro,North Carolina,No,883
SYN-DONOR-cdc47464f06c4c9d,Fort Worth,Texas,No,459
SYN-DONOR-d03e6b1490364f64,Bronx,New York,No,772
SYN-DONOR-b9517f9ba8e54c28,New York,New York,No,590
SYN-DONOR-6e121f1e00cb417c,San Diego,California,No,399
SYN-DONOR-6be6c2a4f906435e,San Jose,California,No,796
SYN-DONOR-8bd08e77cc334c4b,San Antonio,Texas,No,268
SYN-DONOR-da7e987c82e54f0d,New York,New York,Yes,590
SYN-DONOR-1c5463d438cf4e10,Rockford,Illinois,Yes,435
SYN-DONOR-3bd8ccfe1c864d79,Charlotte,North Carolina,No,277
SYN-DONOR-7f69abf656d447c6,Sacramento,California,No,310
SYN-DONOR-8f2131f125414e4d,Orlando,Florida,No,861
SYN-DONOR-f501144a89c1420c,San Diego,California,No,563
SYN-DONOR-31548c22060e4f9d,Buffalo,New York,No,267
SYN-DONOR-400bef4bf8644c41,El Paso,Texas,No,423
SYN-DONOR-2e6defba8c014b29,Oakland,California,Yes,474
SYN-DONOR-8043f3c0bcc444b8,Naperville,Illinois,No,291
SYN-DONOR-8ee5a4ac56d14a00,Los Angeles,California,No,245
SYN-DONOR-8e3893e48b0848c5,Houston,Texas,Yes,559
SYN-DONOR-c729c0d2f1ae473d,El Paso,Texas,No,316
SYN-DONOR-7a44ce16a2b54f17,Chicago,Illinois,No,891
SYN-DONOR-1bec200297754729,Austin,Texas,No,229
SYN-DONOR-cc5e577cb2724d2c,Sacramento,California,No,018
SYN-DONOR-ec6378f6224643e8,Miami,Florida,No,204
SYN-DONOR-5dd2927e62e54e8e,Los Angeles,California,No,363
SYN-DONOR-ab6efe06868a4ade,Rochester,New York,No,965
SYN-DONOR-c34d4f84a3194245,Charlotte,North Carolina,No,793
SYN-DONOR-0acdfc8c3ed54fb0,Queens,New York,No,833
SYN-DONOR-b51e6fa6fccf496e,Buffalo,New York,No,758
SYN-DONOR-89ceccd972cf4928,San Francisco,California,Yes,295
SYN-DONOR-b61d708839304193,Oakland,California,No,427
SYN-DONOR-be5e6f6b891a4027,San Diego,California,No,911
SYN-DONOR-b023a599bad74bde,Orlando,Florida,No,036
SYN-DONOR-b076f13ef04a494b,Charlotte,North Carolina,Yes,793
SYN-DONOR-354f21adc6714874,London,other,Yes,127
SYN-DONOR-f0c7bd368f1341ab,San Diego,California,Yes,159
SYN-DONOR-68485c39f5d3465e,Los Angeles,California,Yes,420
SYN-DONOR-51bf4a90ae4540e9,Greensboro,North Carolina,No,883
SYN-DONOR-d033d04ea965417d,Oakland,California,Yes,097
SYN-DONOR-a831eb7c8d5c47f9,Raleigh,North Carolina,No,409
SYN-DONOR-e8157fc523494f63,San Diego,California,No,911
SYN-DONOR-be8202fcea8447da,Charlotte,North Carolina,No,461
SYN-DONOR-6784b76b00184972,Austin,Texas,No,065
SYN-DONOR-4ec05fcaf0d040c9,Aurora,Illinois,No,788
SYN-DONOR-c49f8755c72c4824,Bronx,New York,No,181
SYN-DONOR-af01791895794d5c,San Diego,California,No,910
SYN-DONOR-18d7d22fa4bb487d,San Diego,California,No,563
SYN-DONOR-00f72774d9ef4ff8,Sacramento,California,No,903
SYN-DONOR-c6048a8974e24d67,Greensboro,North Carolina,No,521
SYN-DONOR-d6fcc764228c4f68,San Diego,California,No,563
SYN-DONOR-871f160db9ec4f38,Rochester,New York,No,965
SYN-DONOR-6bb750b7a8ec46da,San Jose,California,No,850
SYN-DONOR-9dc5e172d991488a,San Francisco,California,No,379
SYN-DONOR-cde123b480ab44d9,Aurora,Illinois,No,299
SYN-DONOR-72fd74cfbd804a0c,Austin,Texas,No,229
SYN-DONOR-3859aa5e66684182,Naperville,Illinois,No,689
SYN-DONOR-d948a454e43b4ead,San Jose,California,No,354
SYN-DONOR-132c8338220b418e,Sacramento,California,No,705
SYN-DONOR-f28d2cdb1fc6426c,Jacksonville,Florida,No,571
SYN-DONOR-48cfe98e643d44e3,Dallas,Texas,No,403
SYN-DONOR-e7feff9cc40942bd,Fort Worth,Texas,No,061
SYN-DONOR-be7e60e9037145f1,Evanston,Illinois,No,232
SYN-DONOR-bcb5d1f96cb3402d,San Jose,California,No,850
SYN-DONOR-374b300a2f594694,Raleigh,North Carolina,Yes,409
SYN-DONOR-61971887b88e48c0,Orlando,Florida,No,529
SYN-DONOR-17474dff3fc24523,Rochester,New York,No,011
SYN-DONOR-19c209038690436f,San Jose,California,No,491
SYN-DONOR-0ceef1c1690142df,San Jose,California,No,447
SYN-DONOR-05532685135349fc,Rockford,Illinois,No,643
SYN-DONOR-d65f6729d6c443de,Rockford,Illinois,Yes,954
SYN-DONOR-82b9b1afdfde4847,Rochester,New York,No,965
SYN-DONOR-8c644540f5eb4c10,San Diego,California,Yes,265
SYN-DONOR-7e94929fc97b441d,Fort Worth,Texas,No,097
SYN-DONOR-5a4adc4c533749ca,New York,New York,Yes,930
SYN-DONOR-a19d5769f6fa4c03,Naperville,Illinois,No,689
SYN-DONOR-564d3fb0d9224f03,Los Angeles,California,No,999
SYN-DONOR-b64e0db0ad2f44f9,El Paso,Texas,No,627
SYN-DONOR-37a757f009d241b0,Raleigh,North Carolina,No,456
SYN-DONOR-2f4fafddcba944ee,New York,New York,No,381
SYN-DONOR-570dec6cf8e84ddd,Brooklyn,New York,No,728
SYN-DONOR-5b023540ac8f471d,Houston,Texas,No,173
SYN-DONOR-39ac5c6d69d94355,Jacksonville,Florida,No,942
SYN-DONOR-e6580d9086a747ea,Oakland,California,No,097
SYN-DONOR-03b2d94e2e304423,Rockford,Illinois,No,886
SYN-DONOR-5e93613421974a6d,New York,New York,No,620
SYN-DONOR-bda1bea5f21e4112,Rockford,Illinois,No,435
SYN-DONOR-30ced9460e8041af,New York,New York,No,440
SYN-DONOR-4395e019d1b244dd,Bronx,New York,No,772
SYN-DONOR-32f5e8e9979b4454,Tallahassee,Florida,No,031
SYN-DONOR-8eab67d8935c4f34,Fort Worth,Texas,Yes,097
SYN-DONOR-46ba187124cf4714,Oakland,California,No,093
SYN-DONOR-0d81cb0a03b94cd8,Austin,Texas,No,083
SYN-DONOR-3771c25ab7a64566,Aurora,Illinois,No,299
SYN-DONOR-56003e7d1a0c48d1,Sacramento,California,Yes,018
SYN-DONOR-89ccff84dba54fa0,San Jose,California,Yes,955
SYN-DONOR-a71728d9dca1444d,Rochester,New York,No,965
SYN-DONOR-d76e012e305144cb,Sacramento,California,No,903
SYN-DONOR-53b645f3ee3341d4,Austin,Texas,No,922
SYN-DONOR-e147b9adec454171,Evanston,Illinois,Yes,081
SYN-DONOR-1b055638f7074127,San Diego,California,No,159
SYN-DONOR-83479414a3654d33,Chicago,Illinois,No,655
SYN-DONOR-53c3893a63cc43ec,Evanston,Illinois,No,232
SYN-DONOR-d0f4fdf9459e4af3,Miami,Florida,No,204
SYN-DONOR-23a39de326da4bf5,Oakland,California,Yes,205
SYN-DONOR-ab575b1618c940bd,Durham,North Carolina,No,673
SYN-DONOR-12270a0892264c5e,Jacksonville,Florida,No,942
SYN-DONOR-166b10641a2f4252,Charlotte,North Carolina,Yes,793
SYN-DONOR-43a88b26dc414124,Paris,other,No,319
SYN-DONOR-d8f123dd2b5f4556,Rockford,Illinois,No,770
SYN-DONOR-30088b288edf4106,San Antonio,Texas,No,777
SYN-DONOR-020d333e4abb42cc,Raleigh,North Carolina,No,300
SYN-DONOR-f384d21299834a08,Fort Worth,Texas,No,111
SYN-DONOR-a909374c5c3e492b,San Antonio,Texas,Yes,516
SYN-DONOR-92f79d8f52354919,Miami,Florida,Yes,818
SYN-DONOR-134c06561c214708,Naperville,Illinois,No,249
SYN-DONOR-4c26bbba43d74ec3,Sacramento,California,No,110
SYN-DONOR-a06d355a07ef4b24,Jacksonville,Florida,Yes,651
SYN-DONOR-b7196cf30e904af4,Tallahassee,Florida,No,813
SYN-DONOR-86a0dd1f7bdc4813,Los Angeles,California,No,999
SYN-DONOR-178cf24eae5e43da,Sacramento,California,No,705
SYN-DONOR-499ac0511cb94986,Naperville,Illinois,Yes,833
SYN-DONOR-fa1a9d5d827a429b,Tampa,Florida,Yes,801
SYN-DONOR-576b129ce838454b,London,other,No,127
SYN-DONOR-20c4d5b09cf54582,Rockford,Illinois,No,954
SYN-DONOR-afa305635d58411b,Sacramento,California,Yes,879
SYN-DONOR-06c876b2cf3b4673,Naperville,Illinois,No,894
SYN-DONOR-cea97834cb00437a,San Jose,California,No,491
SYN-DONOR-d9325d2a991443d7,Naperville,Illinois,No,647
SYN-DONOR-0b9729b201f44eb4,Tampa,Florida,Yes,530
SYN-DONOR-d768a7fa07574ff4,New York,New York,Yes,166
SYN-DONOR-b936ed0f8fb94fd9,Orlando,Florida,Yes,529
SYN-DONOR-bd663d82159443d7,San Francisco,California,No,295
SYN-DONOR-ca123fd418d140ea,Dallas,Texas,No,671
SYN-DONOR-bd8ea564084941fc,Austin,Texas,No,922
SYN-DONOR-8c48d0dce6f54d03,San Diego,California,No,643
SYN-DONOR-79e0e6e19a9c4bf4,Raleigh,North Carolina,Yes,409
SYN-DONOR-fd638f8d19934d15,Los Angeles,California,Yes,998
SYN-DONOR-ddddd1d236d8423f,El Paso,Texas,No,668
SYN-DONOR-a12341711b2541b0,Dallas,Texas,No,671
SYN-DONOR-23c26d0c709d4e28,Oakland,California,Yes,286
SYN-DONOR-d6b94ce933c04cfb,San Jose,California,No,972
SYN-DONOR-828d5e1021bf4ff2,Queens,New York,No,092
SYN-DONOR-5935bf37403241ac,El Paso,Texas,No,212
SYN-DONOR-cbb612b67a654420,Aurora,Illinois,No,312
SYN-DONOR-05e972f2392543f6,Oakland,California,No,093
SYN-DONOR-5d5682140f7b44c0,San Diego,California,No,265
SYN-DONOR-e62ffd41f8d74a88,San Francisco,California,Yes,161
SYN-DONOR-820c71152da7417b,San Jose,California,No,796
SYN-DONOR-2c4c9fff9c004d88,Naperville,Illinois,Yes,156
SYN-DONOR-d0c0623ec8a74477,Chicago,Illinois,No,835
SYN-DONOR-42ff7c06259a4158,Tampa,Florida,No,801
SYN-DONOR-b344a79bed164f24,Rockford,Illinois,No,770
SYN-DONOR-a52f930b7db746a7,Sacramento,California,No,443
SYN-DONOR-aeb4ceb246414580,Rockford,Illinois,Yes,435
SYN-DONOR-6910f6808ef94bfc,Paris,other,No,319
SYN-DONOR-1c5c43188b064231,Buffalo,New York,No,251
SYN-DONOR-0cde1e722a83487c,Fort Worth,Texas,No,061
SYN-DONOR-7f7a043c424a4a78,Los Angeles,California,Yes,321
SYN-DONOR-354f2b2955614f68,Naperville,Illinois,No,894
SYN-DONOR-3ff4a4da4ef3469a,Unknown,other,No,342
SYN-DONOR-7a4b964b94584557,Paris,other,No,539
SYN-DONOR-643f66e53a164d9f,Miami,Florida,No,818
SYN-DONOR-c3bfb08ebab84f09,Naperville,Illinois,No,689
SYN-DONOR-9a938dbb8f5f4658,San Diego,California,Yes,159
SYN-DONOR-3f3df503a9934ce2,San Diego,California,Yes,435
SYN-DONOR-f72c91a3be2a40a0,Chicago,Illinois,No,937
SYN-DONOR-e4293295b8b64b97,San Francisco,California,Yes,728
SYN-DONOR-3fdb330d738b4855,Jacksonville,Florida,No,600
SYN-DONOR-9ea96fabb0fa4bcc,New York,New York,No,590
SYN-DONOR-221a8b1e175b483e,Oakland,California,No,859
SYN-DONOR-0d221aea72604930,San Francisco,California,No,563
SYN-DONOR-133183f836a843fe,El Paso,Texas,No,627
SYN-DONOR-52bd6c0e1473428e,Los Angeles,California,No,998
SYN-DONOR-d14dcfd5050a40fa,Brooklyn,New York,No,139
SYN-DONOR-3d98a14b127a4876,Sacramento,California,No,018
SYN-DONOR-bc096fe790a942ae,Austin,Texas,No,922
SYN-DONOR-ee93b6b17d2849e0,Rochester,New York,No,011
SYN-DONOR-efd3f88b3ffd4412,Los Angeles,California,No,830
SYN-DONOR-659b41ae113a4ca6,Paris,other,No,790
SYN-DONOR-14a8c8affb624552,Oakland,California,No,112
SYN-DONOR-c9cd295e05cf4e05,Paris,other,No,790
SYN-DONOR-e48015cc63114534,San Diego,California,No,338
SYN-DONOR-5ede9d2311a04e56,Evanston,Illinois,No,120
SYN-DONOR-8577bfd4c5144f74,Buffalo,New York,No,267
SYN-DONOR-50b8a9fc90884c6c,New York,New York,No,381
SYN-DONOR-2b3172a02d624616,Durham,North Carolina,No,312
SYN-DONOR-0847e77dfdfe4fa0,Fort Worth,Texas,No,931
SYN-DONOR-e472930ad28046f2,San Antonio,Texas,No,742
SYN-DONOR-9b5c53b46d564d13,Rochester,New York,No,965
SYN-DONOR-16eb17c2d3ed4d67,San Diego,California,No,399
SYN-DONOR-ce9eded5116a4bb2,Queens,New York,No,086
SYN-DONOR-eae286cee2774344,Miami,Florida,No,250
SYN-DONOR-bfd35e83e62b47b1,Brooklyn,New York,Yes,075
SYN-DONOR-7f3a859ec89142bb,Orlando,Florida,No,119
SYN-DONOR-5edd54e53f004cf4,Oakland,California,No,286
SYN-DONOR-f5030b5db96b468f,Miami,Florida,No,250
SYN-DONOR-a3157f024e524fde,San Jose,California,No,022
SYN-DONOR-f4d80c1cc8294801,San Francisco,California,Yes,935
SYN-DONOR-510a49c1896d4ab0,Naperville,Illinois,No,894
SYN-DONOR-df4b3aaeaea449cc,Orlando,Florida,No,119
SYN-DONOR-2bb45413f0bc4a41,Austin,Texas,No,945
SYN-DONOR-1e5659ab6e0a4a54,Rockford,Illinois,No,954
SYN-DONOR-44a88410fae949b7,San Antonio,Texas,No,516
SYN-DONOR-8aeef88e224d4a68,Los Angeles,California,Yes,189
SYN-DONOR-5ba20e4c709e4d73,San Francisco,California,No,370
SYN-DONOR-3b2ca26e8c414aec,Tallahassee,Florida,No,365
SYN-DONOR-b9b2232659b54113,Buffalo,New York,No,251
SYN-DONOR-27197826027840a4,Fort Worth,Texas,Yes,097
SYN-DONOR-7377ae7dd6344bf2,Miami,Florida,No,474
SYN-DONOR-641ce4da72104717,Orlando,Florida,No,861
SYN-DONOR-cdc0ff76e7f14432,Oakland,California,No,093
SYN-DONOR-0f2eec23ded34273,Oakland,California,Yes,112
SYN-DONOR-5b7437098c3e49e8,Brooklyn,New York,No,722
SYN-DONOR-170501d447774ec6,Queens,New York,No,833
SYN-DONOR-3a5e9bfc2e574543,Oakland,California,No,859
SYN-DONOR-2ed2e1d0656f4bad,Queens,New York,No,086
SYN-DONOR-54ce4ca7199c4457,Los Angeles,California,No,321
SYN-DONOR-8ac98320012a4be3,Rochester,New York,No,550
SYN-DONOR-36b9d3d4c9d74f35,Sacramento,California,Yes,879
SYN-DONOR-b5bf002e329d4f8a,Dallas,Texas,No,695
SYN-DONOR-417940f7b15d4df9,Aurora,Illinois,No,788
SYN-DONOR-523336789be74d66,Naperville,Illinois,No,758
SYN-DONOR-2b281bab98d24c21,Dallas,Texas,No,260
SYN-DONOR-eb5bad2dcaa747cc,Naperville,Illinois,Yes,971
SYN-DONOR-b93f07fef2be4f24,Unknown,other,No,342
SYN-DONOR-35569be91c064698,Sacramento,California,Yes,018
SYN-DONOR-422fd04631f74871,San Antonio,Texas,No,268
SYN-DONOR-8570c5ed098e4472,Queens,New York,No,688
SYN-DONOR-37968c0fe6fd46c9,San Francisco,California,Yes,563
SYN-DONOR-9ce0d9ad38f54c49,Austin,Texas,No,083
SYN-DONOR-8ff27cfd0a5043ad,Rockford,Illinois,Yes,770
SYN-DONOR-843371c934074031,Naperville,Illinois,Yes,894
SYN-DONOR-57fe51eb96ac44a4,Evanston,Illinois,Yes,081
SYN-DONOR-48bb529eb2b44564,Tampa,Florida,No,801
SYN-DONOR-84ef1023648348a3,Aurora,Illinois,No,788
SYN-DONOR-eaac8844c1504035,Fort Worth,Texas,No,111
SYN-DONOR-1163780253b54918,Rockford,Illinois,No,770
SYN-DONOR-6dd45c24e21c4cc6,Chicago,Illinois,No,891
SYN-DONOR-a54353327c604455,Sacramento,California,No,310
SYN-DONOR-5635441c85364c25,Queens,New York,Yes,984
SYN-DONOR-cdb78c9c299f476c,San Francisco,California,No,563
SYN-DONOR-105afdcdaa7043bf,San Antonio,Texas,Yes,742
SYN-DONOR-6a8f0481a5e54ca7,Unknown,other,No,342
SYN-DONOR-4ce80d050e2a4ca1,Sacramento,California,No,443
SYN-DONOR-a58c52150e88478e,Naperville,Illinois,Yes,701
SYN-DONOR-47164ca501234bc6,Paris,other,No,319
SYN-DONOR-8af0b2a9a4104c32,Miami,Florida,No,563
SYN-DONOR-0d04308c2ea14aa9,Fort Worth,Texas,No,931
SYN-DONOR-7c408bb4d167499c,Fort Worth,Texas,No,097
SYN-DONOR-429d464ba70b4a59,Miami,Florida,Yes,204
SYN-DONOR-c8cf654a64cf4d0b,Los Angeles,California,No,243
SYN-DONOR-2049c437545e4aa3,Queens,New York,No,092
SYN-DONOR-4835bf942e1042a7,San Jose,California,No,955
SYN-DONOR-bc95021bcd1e4418,Aurora,Illinois,No,788
SYN-DONOR-a77d05ab3bdc4e42,Rochester,New York,No,584
SYN-DONOR-02ee97208c41478d,New York,New York,No,381
SYN-DONOR-5090fe8332c040e6,Sacramento,California,No,333
SYN-DONOR-6d3c3e4621d440b1,Evanston,Illinois,No,081
SYN-DONOR-405acae0d22a44b7,Los Angeles,California,No,999
SYN-DONOR-02be4c0d22864861,Evanston,Illinois,No,120
SYN-DONOR-b2c43c9bc3b049b1,Dallas,Texas,No,671
SYN-DONOR-2056f735d4924ccc,Buffalo,New York,No,758
SYN-DONOR-abd7a33c77d843c2,Oakland,California,No,474
SYN-DONOR-487be3f40c56413b,San Diego,California,Yes,399
SYN-DONOR-9dd8cf5166904b6e,Tampa,Florida,No,035
SYN-DONOR-8a662335b1634cfa,Los Angeles,California,No,189
SYN-DONOR-e8624649fd1348c7,Tampa,Florida,No,035
SYN-DONOR-9f4d9845aa0a4215,Buffalo,New York,No,612
SYN-DONOR-e6ac377ff3c048fc,San Antonio,Texas,Yes,777
SYN-DONOR-af35d50932ee4378,San Francisco,California,No,935
SYN-DONOR-49ee534650dd4d7c,Miami,Florida,No,204
SYN-DONOR-c0037bc49ba04260,Sacramento,California,No,310
SYN-DONOR-83a9e8e40cb94876,Bronx,New York,Yes,772
SYN-DONOR-c2fb7fabb23d4403,Houston,Texas,No,173
SYN-DONOR-b61d0ea3491448ee,San Jose,California,Yes,972
SYN-DONOR-50462ce818fa40fd,San Diego,California,No,159
SYN-DONOR-2d323c2c44d1456f,Naperville,Illinois,No,934
SYN-DONOR-79c58be4d2a64ebf,San Diego,California,No,910
SYN-DONOR-049954c07cca40be,Fort Worth,Texas,No,097
SYN-DONOR-4563f1bd9ca04972,San Francisco,California,No,370
SYN-DONOR-358995a1cda24625,Los Angeles,California,No,830
SYN-DONOR-473795983edb47f2,Miami,Florida,No,250
SYN-DONOR-25b9a5026f8945de,San Jose,California,No,796
SYN-DONOR-7d2f6e3b049e4a6b,El Paso,Texas,No,423
SYN-DONOR-3ae9b0d895fc437b,San Diego,California,Yes,226
SYN-DONOR-8638f3a639f5450e,El Paso,Texas,No,316
SYN-DONOR-62cf32878d614c23,Sacramento,California,No,879
SYN-DONOR-f7fd20b36ce549b8,New York,New York,No,381
SYN-DONOR-5b26235772164d5b,Naperville,Illinois,No,758
SYN-DONOR-d65e534595944eb2,El Paso,Texas,Yes,627
SYN-DONOR-38544488f1ae4159,San Jose,California,No,955
SYN-DONOR-0fd22eafafa34554,San Jose,California,No,022
SYN-DONOR-e19d1b36aa4c4992,Miami,Florida,No,474
SYN-DONOR-c18854f5cee74a17,El Paso,Texas,No,061
SYN-DONOR-7e650bab306549c8,Los Angeles,California,No,363
SYN-DONOR-11924d31b6d146bb,Buffalo,New York,No,758
SYN-DONOR-e1e9d9f473634b8b,New York,New York,Yes,930
SYN-DONOR-e3fbe41dc0e144bc,San Jose,California,No,491
SYN-DONOR-3675c2bd5c2c44c1,San Diego,California,No,910
SYN-DONOR-aebbd89f07384d82,Rockford,Illinois,Yes,670
SYN-DONOR-37ad1b2974f74b7c,Tallahassee,Florida,No,365
SYN-DONOR-03738e79b1e74c3e,Naperville,Illinois,Yes,934
SYN-DONOR-0aa94b6e21204f20,Naperville,Illinois,No,701
SYN-DONOR-21de2aa200be46dd,New York,New York,Yes,381
SYN-DONOR-1aeec0a001684b7f,Bronx,New York,No,772
SYN-DONOR-eba3f7214ff84d39,Buffalo,New York,No,612
SYN-DONOR-f56eceac52114792,Durham,North Carolina,No,673
SYN-DONOR-e88ec6ff924a4320,San Francisco,California,No,563
SYN-DONOR-da327b308dd3476a,Sacramento,California,No,879
SYN-DONOR-567c61cd2e3a4344,Sacramento,California,No,110
SYN-DONOR-aef132571acb40ad,Aurora,Illinois,Yes,312
SYN-DONOR-c6c4f85bc17b4273,Charlotte,North Carolina,No,793
SYN-DONOR-7fdbecdcacc749b7,Dallas,Texas,No,403
SYN-DONOR-68ddd1ba76e347c6,Austin,Texas,No,922
SYN-DONOR-5f7f4321a03a40f4,Raleigh,North Carolina,No,300
SYN-DONOR-53698758e3c5460b,Rochester,New York,Yes,011
SYN-DONOR-699fb1cbfbbe46aa,Raleigh,North Carolina,No,507
SYN-DONOR-b0f50c5a140f483f,Durham,North Carolina,No,312
SYN-DONOR-5bfcd0b133cd4fa6,Buffalo,New York,Yes,612
SYN-DONOR-6cc72940cc9c4b64,Sacramento,California,No,255
SYN-DONOR-8aa3c993c8654ad2,Brooklyn,New York,Yes,268
SYN-DONOR-e53ff55c739c485a,Austin,Texas,No,229
SYN-DONOR-a94979c679224666,San Diego,California,No,563
SYN-DONOR-e877d5918a464ff2,Austin,Texas,No,876
SYN-DONOR-6e5f1b3b68ec4b2e,Dallas,Texas,No,403
SYN-DONOR-dd8485f3a9ac4f75,El Paso,Texas,No,627
SYN-DONOR-f5ba9847e08c49cb,Sacramento,California,No,903
SYN-DONOR-9663ed38e71d4a3a,San Francisco,California,No,370
SYN-DONOR-9741799409c642df,San Jose,California,No,105
SYN-DONOR-b4a62f50d948450e,Naperville,Illinois,No,894
SYN-DONOR-8ceea08e80b14892,El Paso,Texas,No,061
SYN-DONOR-6a355531e6e74126,San Diego,California,No,718
SYN-DONOR-6d27227ae11e4ffb,Raleigh,North Carolina,Yes,864
SYN-DONOR-f883e738a9f64d43,Chicago,Illinois,No,937
SYN-DONOR-94527c9594754cd6,Austin,Texas,No,229
SYN-DONOR-7e6231c9dd404678,Orlando,Florida,No,036
SYN-DONOR-f6843245c9e34836,Los Angeles,California,No,245
SYN-DONOR-c5e8c31a11ae4ad2,Naperville,Illinois,No,701
SYN-DONOR-e79b4c19af2b4922,Orlando,Florida,No,036
SYN-DONOR-e52f8e7367114cd2,San Jose,California,No,955
SYN-DONOR-a0c9e9344ff6454d,San Diego,California,No,911
SYN-DONOR-5b48b5e0e8634a0f,Greensboro,North Carolina,Yes,521
SYN-DONOR-ca85a1bababd43b3,Los Angeles,California,No,245
SYN-DONOR-6217c78351fb42a5,Rockford,Illinois,No,670
SYN-DONOR-b1cf28854d9445cb,New York,New York,No,166
SYN-DONOR-51ae9af3493e4d53,San Diego,California,No,435
SYN-DONOR-d5679c70a7624df2,Raleigh,North Carolina,No,507
SYN-DONOR-84140332c62749e7,San Diego,California,No,226
SYN-DONOR-ac2b9c38c5b64f39,Tampa,Florida,No,035
SYN-DONOR-355bd35f65e74fbc,Durham,North Carolina,No,673
SYN-DONOR-a8380072ec4c4e2e,Naperville,Illinois,Yes,758
SYN-DONOR-08c8872014164aca,Evanston,Illinois,Yes,144
SYN-DONOR-c0403dfe6cf145cb,Naperville,Illinois,Yes,701
SYN-DONOR-9eecffb0d0894552,Charlotte,North Carolina,No,277
SYN-DONOR-613a484e81e44077,Chicago,Illinois,No,891
SYN-DONOR-3558804539c843f4,Naperville,Illinois,No,758
SYN-DONOR-e1a05d79e33b4046,Bronx,New York,Yes,475
SYN-DONOR-6e2b6dc11a6b49ba,Dallas,Texas,Yes,695
SYN-DONOR-3ad0bd391dff4965,Orlando,Florida,Yes,529
SYN-DONOR-e974831f65744730,Queens,New York,No,086
SYN-DONOR-4042e1c1cfe44bbe,San Francisco,California,No,728
SYN-DONOR-265eb5fa350f40ad,Austin,Texas,No,229
SYN-DONOR-d80c172a3b894f94,Chicago,Illinois,No,773
SYN-DONOR-214f78f8175c474e,Raleigh,North Carolina,Yes,456
SYN-DONOR-e30f53597a9e4a35,London,other,No,127
SYN-DONOR-f23ae5a0639b4754,San Francisco,California,No,114
SYN-DONOR-debb2270b8f14167,Fort Worth,Texas,No,234
SYN-DONOR-2f714cacd94f45b0,Raleigh,North Carolina,No,409
SYN-DONOR-61bc71ae0246446b,Raleigh,North Carolina,No,864
SYN-DONOR-b98acbb9033b49fa,San Jose,California,Yes,955
SYN-DONOR-439b9b4fd0594ecd,Paris,other,No,539
SYN-DONOR-d9edfafa58224ac7,Fort Worth,Texas,No,061
SYN-DONOR-4d7083ea25a14bf3,Miami,Florida,No,563
SYN-DONOR-19fb8045ee104b1f,Rockford,Illinois,No,643
SYN-DONOR-e34f853c71f34bb6,Raleigh,North Carolina,No,864
SYN-DONOR-72710f4e4ac64bb7,Tallahassee,Florida,No,365
SYN-DONOR-a4d61cdafcbb41a3,Rockford,Illinois,Yes,435
SYN-DONOR-6c989c7cb95c47de,Evanston,Illinois,No,144
SYN-DONOR-43cdff3251584533,Miami,Florida,No,818
SYN-DONOR-f43de15a306c4011,New York,New York,No,620
SYN-DONOR-62d87414c4fb4066,Aurora,Illinois,No,515
SYN-DONOR-734d68e2552048d5,Evanston,Illinois,No,090
SYN-DONOR-7341b5cbfe414ea1,Queens,New York,No,984
SYN-DONOR-8d7cf6ac919a4047,Raleigh,North Carolina,No,507
SYN-DONOR-da8ddb6c87004df6,Greensboro,North Carolina,No,883
SYN-DONOR-0dd12d58b14a4524,Fort Worth,Texas,No,061
SYN-DONOR-1110ba12ce4c40bb,Paris,other,No,539
SYN-DONOR-1c4d7f259d474c2a,Los Angeles,California,Yes,830
SYN-DONOR-10881c4e29e24679,San Francisco,California,No,563
SYN-DONOR-835ce2b167984a93,Los Angeles,California,No,998
SYN-DONOR-6f50c76072f44bf6,San Jose,California,Yes,955
SYN-DONOR-cb4e6f846fb549f7,Charlotte,North Carolina,Yes,277
SYN-DONOR-7a0c16aae19b479c,Buffalo,New York,No,251
SYN-DONOR-b724f40c9c814ec2,Rochester,New York,No,011
SYN-DONOR-9869018123f4496e,Los Angeles,California,Yes,853
SYN-DONOR-fd7b7eca106b4934,San Jose,California,No,850
SYN-DONOR-aeda85a5fc9e415b,Oakland,California,No,474
SYN-DONOR-b08935b20eb74177,Tampa,Florida,Yes,035
SYN-DONOR-98311adb33364c20,Jacksonville,Florida,Yes,571
SYN-DONOR-c107c78535964cdd,Rochester,New York,No,011
SYN-DONOR-def9831e7aea41b4,Fort Worth,Texas,Yes,061
SYN-DONOR-47b64ec22fba4548,Evanston,Illinois,No,232
SYN-DONOR-43406836265a4e74,Naperville,Illinois,No,894
SYN-DONOR-240bb2974d084fa6,Naperville,Illinois,No,758
SYN-DONOR-b588f526a7ef4f4e,New York,New York,No,555
SYN-DONOR-ce811b48f85e4020,Oakland,California,No,093
SYN-DONOR-a888902d8b724553,San Diego,California,No,226
SYN-DONOR-031ca86eda794fe0,Sacramento,California,No,310
SYN-DONOR-0c1a681b073645e5,Orlando,Florida,No,861
SYN-DONOR-d3aef8385248469b,San Francisco,California,No,218
SYN-DONOR-7ec6eb05418042fc,Miami,Florida,Yes,799
SYN-DONOR-eb2c083a3e9e40d5,San Diego,California,No,910
SYN-DONOR-46e98c4e4966417c,El Paso,Texas,Yes,668
SYN-DONOR-5f4ae101f9eb4cef,San Francisco,California,No,563
SYN-DONOR-374e68b8990e49d1,Fort Worth,Texas,No,111
SYN-DONOR-1d30669e55664a0c,Evanston,Illinois,No,144
SYN-DONOR-9c90c9205c744cf2,San Jose,California,No,447
SYN-DONOR-8a2b938f2f1d4360,San Francisco,California,No,728
SYN-DONOR-48d95bb5afbd4344,Sacramento,California,No,255
SYN-DONOR-c9c3b8c1433d4094,Los Angeles,California,Yes,999
SYN-DONOR-bf7f330f71d24c4e,Buffalo,New York,No,267
SYN-DONOR-6644ca0274334647,Miami,Florida,No,799
SYN-DONOR-994266b338b4491d,New York,New York,No,555
SYN-DONOR-199d507df19644e6,Naperville,Illinois,No,758
SYN-DONOR-6a179def8bfc4291,Naperville,Illinois,No,758
SYN-DONOR-fccfc20ee75c44f7,San Francisco,California,No,295
SYN-DONOR-5ad0645c95374c7c,San Diego,California,No,911
SYN-DONOR-2df898573ba44488,San Antonio,Texas,Yes,268
SYN-DONOR-cb2b3910f41e420b,Chicago,Illinois,No,937
SYN-DONOR-247f3fe41b02490b,Rockford,Illinois,No,435
SYN-DONOR-01a62966643e4406,Rockford,Illinois,No,435
SYN-DONOR-437436f8efa6407b,Buffalo,New York,No,612
SYN-DONOR-5a955fdef0c74727,Jacksonville,Florida,No,651
SYN-DONOR-0a157b0998e340b0,Orlando,Florida,No,119
SYN-DONOR-a16e4feae2664dbc,Dallas,Texas,No,260
SYN-DONOR-57a60e2db9234d26,Tampa,Florida,No,530
SYN-DONOR-fcb1a68fb4074d0b,Chicago,Illinois,No,982
SYN-DONOR-53a51134940a4fd3,Houston,Texas,No,173
SYN-DONOR-eb47b8c70b794e43,Los Angeles,California,No,189
SYN-DONOR-1c694e9dcb2c4ce9,Evanston,Illinois,No,232
SYN-DONOR-6fb1aadf30e1460d,San Diego,California,No,718
SYN-DONOR-5a2b2bc4fff74627,El Paso,Texas,No,061
SYN-DONOR-ea60d401748f49fc,San Jose,California,No,447
SYN-DONOR-76c3032cff384d9d,Buffalo,New York,No,758
SYN-DONOR-b9cefa6836ef4bb5,Orlando,Florida,Yes,119
SYN-DONOR-e63e3538c29f4745,Aurora,Illinois,No,788
SYN-DONOR-8855347a8a3b405a,San Jose,California,Yes,955
SYN-DONOR-2412837b07f9449d,Chicago,Illinois,Yes,773
SYN-DONOR-fab0a0b8ecf64d35,San Diego,California,No,159
SYN-DONOR-ced462ef049a4fbd,El Paso,Texas,Yes,747
SYN-DONOR-8f061ae02ba74cfe,Sacramento,California,No,707
SYN-DONOR-317e334e4d4f4440,Tampa,Florida,Yes,530
SYN-DONOR-f239b5b15df04dd1,San Antonio,Texas,No,268
SYN-DONOR-f9ef3015b478491c,Rockford,Illinois,No,435
SYN-DONOR-59fd183c0a4743c2,Jacksonville,Florida,No,942
SYN-DONOR-02ab2bffdb4c4ed8,Orlando,Florida,Yes,529
SYN-DONOR-eb0ce17798414837,San Francisco,California,No,728
SYN-DONOR-cd6bada6daa44737,Brooklyn,New York,No,647
SYN-DONOR-81f91e786df246be,Fort Worth,Texas,No,111
SYN-DONOR-b930e3b5fcb34d0c,Miami,Florida,No,799
SYN-DONOR-f8a6bb85bcfc4d96,New York,New York,Yes,590
SYN-DONOR-fc3bfea86c3a4c70,San Francisco,California,No,161
SYN-DONOR-619d9dd0556f4bc5,Naperville,Illinois,No,971
SYN-DONOR-52961dd78ce04584,Sacramento,California,Yes,110
SYN-DONOR-d038a6fa45f4460f,Charlotte,North Carolina,No,461
SYN-DONOR-1b65c9bcf3b244fe,San Antonio,Texas,Yes,516
SYN-DONOR-09dadb6dc3874260,San Jose,California,No,796
SYN-DONOR-e63d646863f24074,El Paso,Texas,Yes,627
SYN-DONOR-f3f52966f2bc41b1,San Jose,California,No,491
SYN-DONOR-9b75fe7f2f8d4882,San Antonio,Texas,Yes,268
SYN-DONOR-b68fe2e189324d4f,Rockford,Illinois,Yes,670
SYN-DONOR-7611606bc319417a,Brooklyn,New York,Yes,139
SYN-DONOR-4448431eae1e413a,Los Angeles,California,No,471
SYN-DONOR-27131e0219504d13,Oakland,California,No,427
SYN-DONOR-a9d857846f4a4ae6,London,other,No,110
SYN-DONOR-4eddd1e4e2ab487b,Naperville,Illinois,No,934
SYN-DONOR-6ae65ed2d786474d,San Jose,California,No,850
SYN-DONOR-f46ed7ae97e743f5,Naperville,Illinois,No,934
SYN-DONOR-aa2373bd745c4642,Austin,Texas,No,083
SYN-DONOR-b17124b45a2c4de7,Rockford,Illinois,Yes,670
SYN-DONOR-753620aee798436d,San Jose,California,No,972
SYN-DONOR-72f8a6434d1f497e,Aurora,Illinois,No,515
SYN-DONOR-4de9072e757a4832,San Francisco,California,Yes,161
SYN-DONOR-204149d1976a4443,Oakland,California,No,427
SYN-DONOR-0d650d85305e4ae8,Los Angeles,California,No,998
SYN-DONOR-453cee7efc1b4f02,Sacramento,California,No,707
SYN-DONOR-f28a4bcabe744769,Dallas,Texas,No,671
SYN-DONOR-92d9813898a04f59,Chicago,Illinois,No,655
SYN-DONOR-a6d14d8f81cd47cc,San Francisco,California,No,295
SYN-DONOR-dccf4d4f0530474d,San Antonio,Texas,No,742
SYN-DONOR-ffcc52914e5e4109,Chicago,Illinois,No,891
SYN-DONOR-a5ac3157ec4c4814,New York,New York,No,440
SYN-DONOR-b2207bfa762e476f,San Francisco,California,No,114
SYN-DONOR-3dd3ef87d19c4cd5,Paris,other,Yes,539
SYN-DONOR-9fabc03ffb4c4d0b,Naperville,Illinois,No,971
SYN-DONOR-f8a39d8a73934962,Bronx,New York,Yes,858
SYN-DONOR-b561e79cf8034a43,San Diego,California,Yes,643
SYN-DONOR-5692df2acb544097,Bronx,New York,No,772
SYN-DONOR-d4f6a13ee3844a14,Evanston,Illinois,No,081
SYN-DONOR-7c126d6223774b0c,Raleigh,North Carolina,Yes,300
SYN-DONOR-f2139c1c26aa41dd,Naperville,Illinois,No,647
SYN-DONOR-b08919c2e0a347a8,San Diego,California,No,643
SYN-DONOR-75bb8e8e56bb46cf,Brooklyn,New York,No,377
SYN-DONOR-0bf2e5edbec449e5,Orlando,Florida,No,036
SYN-DONOR-65b8a9b133a24b99,Orlando,Florida,Yes,861
SYN-DONOR-98c6e51950bf4f20,Los Angeles,California,No,999
SYN-DONOR-e4d5e0699ff8456d,Rochester,New York,No,011
SYN-DONOR-d6dc9e6252bf4115,Durham,North Carolina,No,673
SYN-DONOR-5bfa97b0602f4c3a,Tampa,Florida,No,035
SYN-DONOR-3cc2a51b4b5f422b,Brooklyn,New York,Yes,722
SYN-DONOR-91bc98114e384f5c,Rockford,Illinois,No,886
SYN-DONOR-8c4a962893c4493d,Greensboro,North Carolina,No,883
SYN-DONOR-88bee1dde03d4b6d,Sacramento,California,Yes,255
SYN-DONOR-4867f891f9e4419f,Orlando,Florida,No,861
SYN-DONOR-486e6b6d8bb74986,New York,New York,No,930
SYN-DONOR-c2247828a834466e,Evanston,Illinois,Yes,090
SYN-DONOR-6f8a351d66e14756,Rochester,New York,No,965
SYN-DONOR-989a6747e7af4ab5,Miami,Florida,Yes,474
SYN-DONOR-45b145644b224663,Queens,New York,Yes,833
SYN-DONOR-f8381e4b10764e05,Naperville,Illinois,Yes,833
SYN-DONOR-8d956391d8e14459,Rockford,Illinois,No,770
SYN-DONOR-253b4d3930db482a,Los Angeles,California,Yes,189
SYN-DONOR-fbec780fed9f45ad,Oakland,California,Yes,097
SYN-DONOR-bdc739bf5fa94bde,Los Angeles,California,No,471
SYN-DONOR-dcb21c36330f42c7,Rockford,Illinois,No,770
SYN-DONOR-fce1d4808f834b51,Los Angeles,California,No,999
SYN-DONOR-f387c208207a45fe,Fort Worth,Texas,No,097
SYN-DONOR-b5480e51c5fe4c35,Naperville,Illinois,No,934
SYN-DONOR-963448348e1646c7,Miami,Florida,No,563
SYN-DONOR-3d0f7b5ea36043b8,Los Angeles,California,Yes,245
SYN-DONOR-1a9d49fae3594d8f,Unknown,other,No,342
SYN-DONOR-e358bd5db3c246fd,Rockford,Illinois,No,954
SYN-DONOR-b51cc7028d35449d,Sacramento,California,Yes,707
SYN-DONOR-3839fd35348e45f1,Queens,New York,Yes,086
SYN-DONOR-4948c68a6c9049d5,Sacramento,California,No,310
SYN-DONOR-6b3bc99d53e54134,Queens,New York,Yes,086
SYN-DONOR-b87fcc7cfc07430f,Brooklyn,New York,Yes,377
SYN-DONOR-4194a8a01f2043be,San Diego,California,No,911
SYN-DONOR-6dca03acabd0472e,El Paso,Texas,Yes,747
SYN-DONOR-951b7e02cdcc42a7,Jacksonville,Florida,No,263
SYN-DONOR-cd8f1f84533e414a,Austin,Texas,No,083
SYN-DONOR-3e10b4b2f79e4fb9,Sacramento,California,No,018
SYN-DONOR-c5aefdcdaa3e4b42,Los Angeles,California,No,998
SYN-DONOR-6b38e915436c4f1b,Austin,Texas,No,229
SYN-DONOR-0cd9f015e5ed481c,Jacksonville,Florida,Yes,263
SYN-DONOR-805bedf200a84f5e,San Diego,California,Yes,435
SYN-DONOR-e197a45356df4135,Brooklyn,New York,No,240
SYN-DONOR-fbb5e33fa365442d,San Antonio,Texas,No,777
SYN-DONOR-dca970074b2f4778,Rockford,Illinois,No,770
SYN-DONOR-f7295c45fa204923,Orlando,Florida,No,036
SYN-DONOR-9a5c57dfb49144cf,Naperville,Illinois,No,249
SYN-DONOR-5164e990ae324999,San Diego,California,No,226
SYN-DONOR-13d70e1e161040ba,Rochester,New York,No,636
SYN-DONOR-809f72a73ed54d00,Bronx,New York,No,181
SYN-DONOR-377dbbd93a384ff9,San Diego,California,No,911
SYN-DONOR-7084688b56874320,Evanston,Illinois,No,120
SYN-DONOR-da444a81bbd34d67,San Jose,California,No,491
SYN-DONOR-d7d7439692fd4cf5,Aurora,Illinois,No,299
SYN-DONOR-31f53933e60643de,Bronx,New York,No,858
SYN-DONOR-6bc88bc6639d41f7,Sacramento,California,No,110
SYN-DONOR-1ac0696bb05e4272,Evanston,Illinois,No,232
SYN-DONOR-d8c769ef9f21410d,Fort Worth,Texas,No,111
SYN-DONOR-fc4116b0ab89411d,Austin,Texas,No,876
SYN-DONOR-b79c39555e9d49f1,San Francisco,California,No,379
SYN-DONOR-9333adcc103c4579,San Francisco,California,Yes,161
SYN-DONOR-00643a1e7fed4ce2,Rochester,New York,No,584
SYN-DONOR-647acf62c56440a8,Miami,Florida,No,799
SYN-DONOR-49ce9a69af8d4e7c,Jacksonville,Florida,No,571
SYN-DONOR-3a6352d1a2f441c8,Raleigh,North Carolina,Yes,300
SYN-DONOR-7ac8d0a33dad41a1,Queens,New York,Yes,086
SYN-DONOR-4105ebc6f79544a5,Oakland,California,No,286
SYN-DONOR-aa82ff17df0e4891,Orlando,Florida,Yes,036
SYN-DONOR-9d994d0062a34a77,San Jose,California,No,105
SYN-DONOR-777a6dee4c794a34,Jacksonville,Florida,No,571
SYN-DONOR-e2b6968e7b314c86,San Francisco,California,No,218
SYN-DONOR-8a8bbd1de86f4c32,Naperville,Illinois,No,758
SYN-DONOR-3d71f2720f854a38,San Francisco,California,Yes,935
SYN-DONOR-e0b7d4bc94a14caf,London,other,No,127
SYN-DONOR-561a9646dda74b55,Oakland,California,No,859
SYN-DONOR-f73a13d7cab94b49,Queens,New York,Yes,833
SYN-DONOR-e5671471915f4d97,Sacramento,California,Yes,110
SYN-DONOR-f19c6b11966841f5,Tampa,Florida,No,035
SYN-DONOR-a67d58299f714656,El Paso,Texas,Yes,061
SYN-DONOR-5b8c9f8b9f344828,San Diego,California,No,563
SYN-DONOR-cef59256afa546df,Naperville,Illinois,No,701
SYN-DONOR-b73d894f78084940,Orlando,Florida,No,861
SYN-DONOR-9b5ee5e612a74ae9,Queens,New York,No,984
SYN-DONOR-88b92ea3304c46a4,Naperville,Illinois,No,934
SYN-DONOR-00c7a1870a4e4a08,New York,New York,No,225
SYN-DONOR-d1139dfa72e94e77,Chicago,Illinois,No,891
SYN-DONOR-e48aa32b0901436d,Aurora,Illinois,No,788
SYN-DONOR-7a098b04c79f4b62,Oakland,California,No,112
SYN-DONOR-336d4e85f13a415c,Raleigh,North Carolina,No,300
SYN-DONOR-27f9234d6a8543a8,Rochester,New York,No,011
SYN-DONOR-8a42c115953e498e,Oakland,California,No,093
SYN-DONOR-b1d08c6139f24044,Sacramento,California,No,443
SYN-DONOR-aa3a878f0ef548ec,Jacksonville,Florida,No,651
SYN-DONOR-2251446c8da747f4,Miami,Florida,Yes,818
SYN-DONOR-f551f37174cd4193,Los Angeles,California,Yes,189
SYN-DONOR-696a411d6c81459d,New York,New York,No,440
SYN-DONOR-c6abee35178f485f,Bronx,New York,Yes,475
SYN-DONOR-8cabc791ad8c4569,Austin,Texas,Yes,743
SYN-DONOR-45d0cf8ba0b542d1,Rockford,Illinois,No,886
SYN-DONOR-bf2d6c0c28b748f1,Oakland,California,No,286
SYN-DONOR-de3a53b95d434793,Queens,New York,Yes,092
SYN-DONOR-8e34850a3f4b4ffd,Paris,other,No,790
SYN-DONOR-b1fdb129c63146ad,Miami,Florida,Yes,204
SYN-DONOR-e4af9834b10f439e,Rochester,New York,Yes,011
SYN-DONOR-bc46ce6f386c4321,San Jose,California,No,105
SYN-DONOR-7764a4e541ae401a,San Diego,California,No,399
SYN-DONOR-495b099b598b4491,Brooklyn,New York,Yes,728
SYN-DONOR-8b08f943bcfd4c14,San Diego,California,No,159
SYN-DONOR-bc89e6143dfa4f7e,Miami,Florida,Yes,204
SYN-DONOR-6d2451e1a2e144ec,Rockford,Illinois,Yes,435
SYN-DONOR-797319afb86846e8,Greensboro,North Carolina,No,883
SYN-DONOR-8b88b50bb7174b09,Bronx,New York,No,858
SYN-DONOR-ad278fdb9b394200,Oakland,California,No,474
SYN-DONOR-e17c1f13563a4087,Durham,North Carolina,No,673
SYN-DONOR-1593776711a84f5b,Chicago,Illinois,No,982
SYN-DONOR-8984d9f8c6cd45eb,Queens,New York,No,790
SYN-DONOR-45261d82afc541b4,Brooklyn,New York,No,722
SYN-DONOR-e229e704444244f1,Raleigh,North Carolina,Yes,409
SYN-DONOR-b38a5c3c9ac346a7,Los Angeles,California,No,245
SYN-DONOR-9d418c8739684ac8,Fort Worth,Texas,No,111
SYN-DONOR-bf6e95776d1e4704,Oakland,California,No,093
SYN-DONOR-f032f7583c4a428e,El Paso,Texas,No,627
SYN-DONOR-5a1dd854760645f1,Dallas,Texas,No,260
SYN-DONOR-4957f4d6376540f6,San Diego,California,Yes,265
SYN-DONOR-622ba21a535f44fe,Sacramento,California,No,255
SYN-DONOR-37ff830b6102457f,Bronx,New York,No,181
SYN-DONOR-265616244dcd4bde,Naperville,Illinois,No,647
SYN-DONOR-05bef0112670473a,Sacramento,California,No,443
SYN-DONOR-5d7ed9ec3ee342cf,San Francisco,California,Yes,218
SYN-DONOR-734e1cdff2fa4583,San Diego,California,No,399
SYN-DONOR-c89b6c44dae84fef,Brooklyn,New York,No,268
SYN-DONOR-264a1c2964fd401b,New York,New York,No,590
SYN-DONOR-b97165858f9d4f04,Los Angeles,California,No,243
SYN-DONOR-983cf4a7fd9e4f26,Greensboro,North Carolina,No,521
SYN-DONOR-8e4eea7a8e6f4401,Naperville,Illinois,No,249
SYN-DONOR-4e7babc91a1447b2,Paris,other,No,539
SYN-DONOR-cc5d81d62fc04ecf,London,other,No,127
SYN-DONOR-f0b448dce4e74fca,Brooklyn,New York,Yes,240
SYN-DONOR-59185ee60d2c4dd7,Raleigh,North Carolina,No,507
SYN-DONOR-f49b89757c1f4f8e,Chicago,Illinois,No,937
SYN-DONOR-73f830ba67eb4a9d,San Francisco,California,Yes,114
SYN-DONOR-8d44174423b84c5f,El Paso,Texas,Yes,668
SYN-DONOR-1c7eedbb72e04a87,San Jose,California,No,972
SYN-DONOR-5c47f5c927d04af6,Austin,Texas,No,945
SYN-DONOR-05544b0e6635441d,Buffalo,New York,No,251
SYN-DONOR-6f74120a4fc743f1,Jacksonville,Florida,No,651
SYN-DONOR-32c4cf298974417d,El Paso,Texas,No,212
SYN-DONOR-51dbacf78b9f419d,Queens,New York,No,092
SYN-DONOR-3e6f8537a9ac4478,Jacksonville,Florida,No,263
SYN-DONOR-ff127795497844b3,Fort Worth,Texas,No,061
SYN-DONOR-02d183b09e4048fd,Queens,New York,No,086
SYN-DONOR-874cd1cd5d5a4b8f,Naperville,Illinois,Yes,156
SYN-DONOR-c960a4c58f9d40af,Chicago,Illinois,Yes,937
SYN-DONOR-7dae38abc4464822,Oakland,California,No,427
SYN-DONOR-8183720e4c3943af,Tallahassee,Florida,No,813
SYN-DONOR-d320d75dbe534417,Naperville,Illinois,No,894
SYN-DONOR-ebc666c90d364940,Chicago,Illinois,No,937
SYN-DONOR-ef9df58ce4e44b69,New York,New York,No,381
SYN-DONOR-c46ad8f0fa6a4aaa,Buffalo,New York,No,251
SYN-DONOR-fae71dd683fc4fa1,Raleigh,North Carolina,No,864
SYN-DONOR-e975a6c12665444f,San Francisco,California,No,295
SYN-DONOR-c61c95dd8c7f4803,Jacksonville,Florida,Yes,942
SYN-DONOR-25749b8bf30647b0,London,other,No,127
SYN-DONOR-c627c587b23f4c4a,Queens,New York,No,092
SYN-DONOR-ce2469bf06d74a20,Miami,Florida,Yes,204
SYN-DONOR-278a0d1d560b4497,Orlando,Florida,No,036
SYN-DONOR-e8165784c07b4fbb,Miami,Florida,No,474
SYN-DONOR-1cb9de91fd71440a,San Diego,California,No,718
SYN-DONOR-76ee466c124c40c6,Raleigh,North Carolina,Yes,507
SYN-DONOR-f3f513f7bf70440d,Orlando,Florida,No,529
SYN-DONOR-cd75218a5408483f,San Diego,California,No,159
SYN-DONOR-f0d28eef240145da,El Paso,Texas,No,316
SYN-DONOR-9019ac77d5354413,San Francisco,California,No,379
SYN-DONOR-049da4cf2f1b48ab,El Paso,Texas,No,212
SYN-DONOR-f8963dc5ce1d43f0,Dallas,Texas,No,695
SYN-DONOR-65631c8cf9f04900,Queens,New York,No,092
SYN-DONOR-88837d0eef7444d9,San Francisco,California,No,295
SYN-DONOR-38f9115737f24c93,Fort Worth,Texas,No,234
SYN-DONOR-76362827ae7b46ca,Brooklyn,New York,Yes,075
SYN-DONOR-88061ddf566347af,Orlando,Florida,No,036
SYN-DONOR-3085f048f91c4c17,New York,New York,No,590
SYN-DONOR-163c34920e3743b7,Rochester,New York,No,445
SYN-DONOR-7f4c813e86284ca5,San Diego,California,Yes,643
SYN-DONOR-a7c4c87545984eb9,San Diego,California,No,643
SYN-DONOR-1467278a5e984475,Queens,New York,No,984
SYN-DONOR-84f454c7b69d4135,San Jose,California,Yes,850
SYN-DONOR-7712bc58642b4361,Austin,Texas,No,922
SYN-DONOR-b578e6c75ba846b4,Los Angeles,California,Yes,189
SYN-DONOR-12c4fdfdda7d49e9,Los Angeles,California,No,830
SYN-DONOR-cfc0677bf4444da5,Sacramento,California,No,707
SYN-DONOR-8d4f7386f8cd4bd0,Los Angeles,California,No,999
SYN-DONOR-286b03a57eed49ad,Oakland,California,No,097
SYN-DONOR-ea77e327d0a44fb7,San Francisco,California,No,114
SYN-DONOR-ec607b20886c4d3d,El Paso,Texas,No,061
SYN-DONOR-52bd7917f3a84e11,Chicago,Illinois,No,982
SYN-DONOR-5adbec7df4b24b65,Austin,Texas,No,065
SYN-DONOR-3d4e046647b24368,Queens,New York,No,086
SYN-DONOR-32551216b55949f9,Sacramento,California,No,879
SYN-DONOR-1d72c2ca87c94fab,Chicago,Illinois,No,891
SYN-DONOR-b4d3311fe9c04782,San Francisco,California,No,370
SYN-DONOR-2ab2e23c36134742,Austin,Texas,No,743
SYN-DONOR-deb4966d881b48d7,San Antonio,Texas,No,777
SYN-DONOR-0701a5b894b945e0,Durham,North Carolina,No,312
SYN-DONOR-c12be5e54c464947,Miami,Florida,No,474
SYN-DONOR-0ec89bb49a7c4e27,Jacksonville,Florida,No,263
SYN-DONOR-bd2012a2a64f40df,Jacksonville,Florida,No,651
SYN-DONOR-1fc89ccb00ff4d6c,Naperville,Illinois,No,971
SYN-DONOR-73c062ec2a1b4279,Aurora,Illinois,Yes,788
SYN-DONOR-66d6dedd882940f0,Naperville,Illinois,No,249
SYN-DONOR-5d1b20bd687a4380,San Francisco,California,No,563
SYN-DONOR-cf23f499c03b4a79,Buffalo,New York,No,758
SYN-DONOR-694c9133aa1d40c2,Rockford,Illinois,Yes,770
SYN-DONOR-8acc47b040854b04,El Paso,Texas,No,316
SYN-DONOR-988ec3091b7243b2,Los Angeles,California,Yes,999
SYN-DONOR-a002c3ad51c948fc,El Paso,Texas,No,941
SYN-DONOR-028dde47d00c4dbf,Greensboro,North Carolina,No,521
SYN-DONOR-b9083972442645cb,San Francisco,California,No,114
SYN-DONOR-1f54bb4fe431452d,Oakland,California,No,474
SYN-DONOR-c0f8aad0100c4eb6,New York,New York,No,590
SYN-DONOR-b7894fc51ed94b20,New York,New York,No,590
SYN-DONOR-f6e4eb956a5140a9,Naperville,Illinois,No,689
SYN-DONOR-23bbd839926346e3,Oakland,California,No,474
SYN-DONOR-732dba65765b48b2,Los Angeles,California,No,853
SYN-DONOR-3a1557adb2214bc5,Los Angeles,California,No,363
SYN-DONOR-56535579b1d447d8,Chicago,Illinois,No,376
SYN-DONOR-77103465ea8d4ab0,Raleigh,North Carolina,No,300
SYN-DONOR-fc2d36e3e7c243a2,Jacksonville,Florida,Yes,651
SYN-DONOR-8741e84df1ee4e9a,El Paso,Texas,No,162
SYN-DONOR-7a58bcf2ed6e4292,Oakland,California,No,093
SYN-DONOR-44a27078f8e84064,El Paso,Texas,No,162
SYN-DONOR-8d66aa1eea564597,Miami,Florida,No,474
SYN-DONOR-7b5b9782036046ab,San Francisco,California,No,563
SYN-DONOR-c8eaf7529d984c5a,Evanston,Illinois,No,090
SYN-DONOR-20f3c5f22b544282,Naperville,Illinois,No,156
SYN-DONOR-b0a354e2c1a74bb7,Oakland,California,No,716
SYN-DONOR-784ca0c1d73a48ae,Los Angeles,California,No,363
SYN-DONOR-c094f3daafc84fc6,Sacramento,California,No,903
SYN-DONOR-0af16bb97c2445f3,Paris,other,Yes,319
SYN-DONOR-b52bfb5a5ebc4cfa,San Antonio,Texas,No,777
SYN-DONOR-86e4fc377bf44799,New York,New York,Yes,225
SYN-DONOR-55e479e8e78b4535,Bronx,New York,No,772
SYN-DONOR-a381522b49fd4262,San Diego,California,Yes,265
SYN-DONOR-6e1dc192e78b4be9,Queens,New York,No,688
SYN-DONOR-8ee1b71793064585,Houston,Texas,No,363
SYN-DONOR-ee13918287e04de3,Sacramento,California,No,705
SYN-DONOR-cb64e28c091a4017,Queens,New York,No,086
SYN-DONOR-96e98152bde1479e,Naperville,Illinois,No,758
SYN-DONOR-0623d1bbfc4a4e2f,Oakland,California,No,286
SYN-DONOR-84c8326e4659496d,Naperville,Illinois,No,758
SYN-DONOR-a51a6e9bfa1c4fda,Miami,Florida,No,474
SYN-DONOR-de2130c6f86e43ce,San Francisco,California,Yes,218
SYN-DONOR-85e82515a4314c60,Rochester,New York,Yes,445
SYN-DONOR-daacbfaa918245f6,El Paso,Texas,No,747
SYN-DONOR-45f81a34bf7a4b7d,San Antonio,Texas,No,516
SYN-DONOR-797af3bf9b384ed3,Fort Worth,Texas,No,111
SYN-DONOR-82aaeeaf77624b96,Houston,Texas,Yes,173
SYN-DONOR-b7895dbd162b4c2f,Buffalo,New York,No,251
SYN-DONOR-b324dfaadfa948c1,San Jose,California,No,105
SYN-DONOR-64be00aa609140be,Rochester,New York,Yes,965
SYN-DONOR-3bc960050b1b4adb,El Paso,Texas,No,061
SYN-DONOR-3d6e3c7dc3514227,Los Angeles,California,No,363
SYN-DONOR-e302f7f6a3344157,Raleigh,North Carolina,No,864
SYN-DONOR-21214d6364f943df,Austin,Texas,No,922
SYN-DONOR-89be58a4b38a4cb4,Chicago,Illinois,Yes,891
SYN-DONOR-b09c090c29424679,San Jose,California,No,955
SYN-DONOR-6abc5408e5ef4fcd,Rochester,New York,Yes,550
SYN-DONOR-8b5d8f8741354355,Evanston,Illinois,No,144
SYN-DONOR-83b820e8d1b34ec3,Buffalo,New York,No,251
SYN-DONOR-0814c074d25a43a4,San Francisco,California,Yes,935
SYN-DONOR-17e54b691a704dc4,Paris,other,No,539
SYN-DONOR-dcbe40d0e1314ab1,Naperville,Illinois,No,689
SYN-DONOR-dbb984ee61234300,San Jose,California,No,491
SYN-DONOR-fdedaa9d3edf46b4,Rockford,Illinois,Yes,643
SYN-DONOR-e2f1e354732a4a8f,Paris,other,No,319
SYN-DONOR-18cd344d8ebc4a64,San Diego,California,No,226
SYN-DONOR-a8f331570a2448f9,Jacksonville,Florida,Yes,263
SYN-DONOR-5203a3a24ed1453b,Durham,North Carolina,No,673
SYN-DONOR-187ceb803d424df4,Raleigh,North Carolina,No,864
SYN-DONOR-77b18fffb7944b6c,San Jose,California,No,354
SYN-DONOR-10493eeb90df492c,San Antonio,Texas,Yes,777
SYN-DONOR-b80ad5b48b544a7b,Evanston,Illinois,No,090
SYN-DONOR-46aff38d37b44df6,Naperville,Illinois,Yes,291
SYN-DONOR-5e294d10b48442f7,Naperville,Illinois,No,701
SYN-DONOR-d1dab5e90bd24ed4,Paris,other,No,539
SYN-DONOR-7c5cb13f70a34fd3,Naperville,Illinois,No,934
SYN-DONOR-f2b09e0dd7ca4804,Evanston,Illinois,No,120
SYN-DONOR-e054ad1ef6704fd9,Buffalo,New York,Yes,251
SYN-DONOR-6aba02ecadf84075,Oakland,California,No,112
SYN-DONOR-a4121f19f21248b0,Fort Worth,Texas,No,097
SYN-DONOR-5f7a45f41b1b464a,Oakland,California,Yes,859
SYN-DONOR-f565a53ae03144f7,Orlando,Florida,No,036
SYN-DONOR-27cd6dba97494254,Raleigh,North Carolina,Yes,507
SYN-DONOR-cee1c482ac014520,Rochester,New York,No,636
SYN-DONOR-36c97de58ffc4e11,El Paso,Texas,No,212
SYN-DONOR-5d8b0c6175b04c0d,New York,New York,No,225
SYN-DONOR-d63e3a5225764236,Paris,other,No,319
SYN-DONOR-b95b088b5f984bf9,Oakland,California,No,205
SYN-DONOR-aa74bf8727114a6a,San Antonio,Texas,No,516
SYN-DONOR-3407498ed8434cd6,Austin,Texas,No,743
SYN-DONOR-d6068f5d36354986,Brooklyn,New York,Yes,139
SYN-DONOR-1722dc09a2154851,San Diego,California,Yes,563
SYN-DONOR-a0e855b6c1264c60,Sacramento,California,No,310
SYN-DONOR-9bf44ef8ca304bd5,Chicago,Illinois,No,376
SYN-DONOR-2312ca06bbfe4aff,London,other,No,127
SYN-DONOR-e009d09cf8d74d39,Austin,Texas,Yes,065
SYN-DONOR-50aa6708eb9a40f9,Durham,North Carolina,No,673
SYN-DONOR-54a9d03028cd43c2,Miami,Florida,Yes,799
SYN-DONOR-58f909c7be924eec,Rochester,New York,No,584
SYN-DONOR-2c7d92206e4844ad,Charlotte,North Carolina,Yes,461
SYN-DONOR-ba0b2c5c2f144ea0,Dallas,Texas,Yes,671
SYN-DONOR-5a85959cec6443ed,Rockford,Illinois,No,435
SYN-DONOR-0689710c20ea4fce,San Francisco,California,No,161
SYN-DONOR-c3459813aed24d53,London,other,No,110
SYN-DONOR-95f250db26004b0f,Brooklyn,New York,Yes,728
SYN-DONOR-915b707b019d4f0b,New York,New York,Yes,930
SYN-DONOR-f3e3e83967c149cb,San Diego,California,No,643
SYN-DONOR-6bbdd5f1825f45ca,Oakland,California,No,205
SYN-DONOR-c6cacf21c00d43bb,Orlando,Florida,No,036
SYN-DONOR-6c44195543b7402d,Sacramento,California,Yes,110
SYN-DONOR-bf89565b092141c2,Austin,Texas,Yes,922
SYN-DONOR-6bb34de438074ac3,Los Angeles,California,No,830
SYN-DONOR-1a4350a48ad540f9,Queens,New York,No,688
SYN-DONOR-ef44179faa714c57,Durham,North Carolina,No,312
SYN-DONOR-748879dcac154b26,Sacramento,California,No,705
SYN-DONOR-ec304e7331594e3d,Naperville,Illinois,Yes,249
SYN-DONOR-532c7ae680a5447e,Evanston,Illinois,No,090
SYN-DONOR-889e95da7bb24179,Rochester,New York,No,584
SYN-DONOR-f837592d46d145c5,San Diego,California,No,265
SYN-DONOR-f4e820841a2e4284,San Diego,California,No,718
SYN-DONOR-4da2ee74284d4359,Chicago,Illinois,No,655
SYN-DONOR-32e79c7ecb0c438f,Brooklyn,New York,No,240
SYN-DONOR-06bc2fd80ec345c7,Dallas,Texas,Yes,260
SYN-DONOR-c94da517dd79487e,Oakland,California,Yes,112
SYN-DONOR-5238e447131444a7,Bronx,New York,No,772
SYN-DONOR-a931ebf099b04c79,London,other,No,127
SYN-DONOR-e2dadae84d4744ef,Oakland,California,No,286
SYN-DONOR-5d6f9e0a76774eb3,Evanston,Illinois,Yes,090
SYN-DONOR-7bac9757817044eb,New York,New York,Yes,620
SYN-DONOR-e4675d5a3cc948c3,Oakland,California,Yes,097
SYN-DONOR-4f1514f2fef349e2,Aurora,Illinois,No,515
SYN-DONOR-d83bb31f765c4b2c,San Francisco,California,Yes,728
SYN-DONOR-dbbd561024da4b06,Queens,New York,Yes,092
SYN-DONOR-eba88a242ae842fc,Queens,New York,No,092
SYN-DONOR-c94d63c22c174075,Naperville,Illinois,Yes,971
SYN-DONOR-80dff3ec56e64d11,Naperville,Illinois,No,934
SYN-DONOR-f52191b1ae684864,San Antonio,Texas,No,268
SYN-DONOR-a18393c9e89046ba,Los Angeles,California,No,998
SYN-DONOR-fc81dfe900944b23,Austin,Texas,No,229
SYN-DONOR-638b327182cd4abb,Bronx,New York,No,858
SYN-DONOR-3ba186ad4c9943b3,Chicago,Illinois,No,937
SYN-DONOR-05f539b1465048b9,Miami,Florida,No,474
SYN-DONOR-45149c579ae8421f,Houston,Texas,No,559
SYN-DONOR-60c9a215c21940d4,San Diego,California,No,910
SYN-DONOR-a317acd7d19745c3,Evanston,Illinois,No,120
SYN-DONOR-273200e68cff4a4e,Sacramento,California,Yes,333
SYN-DONOR-1c7fb50546b84f96,San Jose,California,No,850
SYN-DONOR-fcf109d2c805469e,Naperville,Illinois,No,689
SYN-DONOR-1b2e96af43db48ae,Jacksonville,Florida,Yes,600
SYN-DONOR-ca07183e62ac4cf7,Paris,other,No,319
SYN-DONOR-84c22099d0fd4c2c,San Jose,California,No,022
SYN-DONOR-2c41f4775aa14384,Rockford,Illinois,No,643
SYN-DONOR-887e7e68992e4c43,Los Angeles,California,No,420
SYN-DONOR-b142dc7c3dac4980,Brooklyn,New York,No,240
SYN-DONOR-2787907daa084023,Tampa,Florida,Yes,801
SYN-DONOR-b49bc386f18d4cd0,Paris,other,Yes,319
SYN-DONOR-6e01a1914a8141c5,Rockford,Illinois,No,770
SYN-DONOR-62252dbd4d994992,New York,New York,No,225
SYN-DONOR-93461337b27c482a,San Francisco,California,Yes,218
SYN-DONOR-6f212bd8af484ae7,San Jose,California,No,022
SYN-DONOR-0836373ebe7d4b8a,El Paso,Texas,No,212
SYN-DONOR-0cb159e8bb694104,Oakland,California,No,112
SYN-DONOR-907af448a2fa4f32,Brooklyn,New York,No,647
SYN-DONOR-3d894e970f864d51,Rochester,New York,Yes,965
SYN-DONOR-567b2c60e2a6426c,New York,New York,No,930
SYN-DONOR-48c2780783c849e3,Rockford,Illinois,No,435
SYN-DONOR-a7e407ebbae6483d,Dallas,Texas,Yes,403
SYN-DONOR-865ce5ce3f7c4e1f,Aurora,Illinois,No,515
SYN-DONOR-a69ea51d94ec4924,San Diego,California,Yes,399
SYN-DONOR-b9400c561bb848d3,Miami,Florida,No,799
SYN-DONOR-a1e54f7c01194b83,Dallas,Texas,No,695
SYN-DONOR-958a483cee034f38,Aurora,Illinois,No,312
SYN-DONOR-ef41c749bf91481f,San Francisco,California,No,161
SYN-DONOR-13d28381a62b4acf,San Diego,California,Yes,159
SYN-DONOR-1738ad24be09469d,Orlando,Florida,Yes,036
SYN-DONOR-9f7c7389f1094f31,Bronx,New York,Yes,475
SYN-DONOR-206d27e2d8b147bb,San Francisco,California,No,935
SYN-DONOR-f6496ab8df8f4ee4,Brooklyn,New York,Yes,240
SYN-DONOR-c33d85321c1a4452,London,other,No,127
SYN-DONOR-2e003482df854faa,Tampa,Florida,No,801
SYN-DONOR-b666fa54f2864db5,San Francisco,California,Yes,379
SYN-DONOR-c05ecb4d08294427,Raleigh,North Carolina,Yes,409
SYN-DONOR-b726a7c5be544e53,Oakland,California,No,093
SYN-DONOR-62d3f4eb37b44ede,Buffalo,New York,No,251
SYN-DONOR-8b929ebdadd84062,Oakland,California,No,205
SYN-DONOR-74d5def5a0d94f78,Chicago,Illinois,No,982
SYN-DONOR-efcb5493d8164371,San Diego,California,Yes,435
SYN-DONOR-113b141d15e64c1d,Brooklyn,New York,Yes,139
SYN-DONOR-81c892e18c3b414e,Rockford,Illinois,Yes,954
SYN-DONOR-35f0546df4c14106,Oakland,California,No,112
SYN-DONOR-3ed60cacfa4a420b,Orlando,Florida,No,119
SYN-DONOR-498ddd1162d14362,Rochester,New York,No,011
SYN-DONOR-df35111840184cf2,El Paso,Texas,No,061
SYN-DONOR-0813521b558447eb,Unknown,other,No,342
SYN-DONOR-cbc93f43a38a48a3,Bronx,New York,Yes,772
SYN-DONOR-2f4d77b2387b412b,Raleigh,North Carolina,No,864
SYN-DONOR-7d37484daf9d4051,Naperville,Illinois,No,647
SYN-DONOR-fd31198f622f4fb4,Chicago,Illinois,Yes,891
SYN-DONOR-f8ffe2bfd1174b21,San Francisco,California,No,379
SYN-DONOR-1e6378586e21467b,Charlotte,North Carolina,No,277
SYN-DONOR-656d09e13b974540,Los Angeles,California,No,189
SYN-DONOR-937f86c701be4383,Chicago,Illinois,No,891
SYN-DONOR-cf44ebacc8014d9d,Rochester,New York,No,965
SYN-DONOR-434a77a8d9854156,Naperville,Illinois,No,291
SYN-DONOR-2d498fc0600941fd,New York,New York,Yes,381
SYN-DONOR-aaa0d1bf8c3b4798,Miami,Florida,Yes,474
SYN-DONOR-4d6208233b95460c,Buffalo,New York,No,758
SYN-DONOR-134e933228e44bbb,Chicago,Illinois,Yes,773
SYN-DONOR-cc33ff522ceb4756,San Jose,California,No,850
SYN-DONOR-3018b53e8786472b,Tampa,Florida,No,530
SYN-DONOR-afafe0612ed244e3,Dallas,Texas,Yes,695
SYN-DONOR-d3cdde9de71a4f08,Queens,New York,No,833
SYN-DONOR-5c4f5189d8cd4d71,Brooklyn,New York,No,268
SYN-DONOR-1c96e4d8c18f484a,Rockford,Illinois,Yes,670
SYN-DONOR-f30c26120bb84d46,Los Angeles,California,No,998
SYN-DONOR-39f053fff1514ce5,Sacramento,California,No,333
SYN-DONOR-6d6553bda76c42e7,Tampa,Florida,No,801
SYN-DONOR-fd8c987386d64cc4,Austin,Texas,Yes,065
SYN-DONOR-0352d5fbbfce4285,Tallahassee,Florida,Yes,031
SYN-DONOR-370b628a8fef4e7a,Chicago,Illinois,No,376
SYN-DONOR-ce33db21bddc4484,Fort Worth,Texas,No,097
SYN-DONOR-292d0c8ee2424a2f,El Paso,Texas,No,316
SYN-DONOR-03c4c40d052f4aec,Fort Worth,Texas,No,097
SYN-DONOR-0fb5da0706724e6b,Queens,New York,No,092
SYN-DONOR-108efbbcf0ec48ee,Buffalo,New York,No,612
SYN-DONOR-2e5274b127e8438c,Miami,Florida,No,818
SYN-DONOR-daf114116fdc4ad1,Los Angeles,California,No,245
SYN-DONOR-e73e47a801a249bb,San Diego,California,Yes,911
SYN-DONOR-9034f9ff161c4838,El Paso,Texas,No,162
SYN-DONOR-152195e38a2d4dec,Paris,other,No,319
SYN-DONOR-1b5072ffb7e04072,San Diego,California,Yes,435
SYN-DONOR-39c704ac95254cf6,El Paso,Texas,No,423
SYN-DONOR-a8277cb5af774d37,San Antonio,Texas,No,516
SYN-DONOR-c19bc803e9e94a52,San Diego,California,No,399
SYN-DONOR-0b8236658a454186,Charlotte,North Carolina,No,793
SYN-DONOR-155dd17f0f76418c,Sacramento,California,Yes,110
SYN-DONOR-384c493ecc134636,Oakland,California,No,093
SYN-DONOR-2d4e995f47d54cad,Los Angeles,California,No,999
SYN-DONOR-c82860dc69874b18,San Jose,California,No,491
SYN-DONOR-4191e1111f5b4301,San Jose,California,Yes,447
SYN-DONOR-b532e34b02f04429,Naperville,Illinois,No,249
SYN-DONOR-62d077f07bd741d7,Jacksonville,Florida,Yes,263
SYN-DONOR-f9b2806b0f7a468f,Chicago,Illinois,No,891
SYN-DONOR-43f8875efe9e4b21,Naperville,Illinois,Yes,249
SYN-DONOR-620beefb87dd40b6,Los Angeles,California,No,363
SYN-DONOR-ab76a4e13c974d54,San Antonio,Texas,No,516
SYN-DONOR-1d8e21a3591c40d8,Sacramento,California,No,707
SYN-DONOR-2ac35b1dd39f4344,Charlotte,North Carolina,No,277
SYN-DONOR-b139bb8e914a4f05,Rochester,New York,No,965
SYN-DONOR-4ffb2a96a4b54aca,El Paso,Texas,No,162
SYN-DONOR-6da1b41e6acd4b9e,Houston,Texas,No,363
SYN-DONOR-e60f830f721b450b,San Francisco,California,No,114
SYN-DONOR-cd867ce0646948b9,Los Angeles,California,No,999
SYN-DONOR-ee9e773a29b64984,Oakland,California,No,859
SYN-DONOR-ef31633b880b465d,Raleigh,North Carolina,No,507
SYN-DONOR-d51be64ce6274ec6,Houston,Texas,No,559
SYN-DONOR-c75cc8b53f1b4c5e,Fort Worth,Texas,Yes,111
SYN-DONOR-61896ce112b34dbf,Chicago,Illinois,Yes,655
SYN-DONOR-6f8f57f5a3944455,Jacksonville,Florida,Yes,600
SYN-DONOR-ce1b240b3c4f40db,Brooklyn,New York,Yes,722
SYN-DONOR-2b0f3a3bc24e47e1,Miami,Florida,Yes,799
SYN-DONOR-1ce01ebd3273486b,San Jose,California,Yes,447
SYN-DONOR-ab7b9674819f4767,Oakland,California,No,716
SYN-DONOR-07cdc3d8dc6d4feb,Queens,New York,No,790
SYN-DONOR-d769a50f5dae4dbb,Chicago,Illinois,No,773
SYN-DONOR-1cff1ec14ef8479e,San Jose,California,No,972
SYN-DONOR-7027b6684f424fab,Greensboro,North Carolina,No,521
SYN-DONOR-9554e0000d51462f,Austin,Texas,No,083
SYN-DONOR-ebdbdbebb66b4541,New York,New York,Yes,440
SYN-DONOR-5fb13d49c6a040cf,Evanston,Illinois,No,081
SYN-DONOR-c2d390360b68460d,Dallas,Texas,No,403
SYN-DONOR-d671f2a4a02e4e68,Buffalo,New York,No,758
SYN-DONOR-a0c4e4a7d1ad4ab5,Fort Worth,Texas,Yes,234
SYN-DONOR-101978384a994589,Austin,Texas,No,922
SYN-DONOR-0869ae71ac35454e,El Paso,Texas,No,627
SYN-DONOR-58dd34c81cf14087,Raleigh,North Carolina,No,507
SYN-DONOR-eeb12cc190e4407b,Tampa,Florida,No,035
SYN-DONOR-4c7c9796cfd04760,Dallas,Texas,Yes,671
SYN-DONOR-669d3dbd1386472a,Miami,Florida,No,474
SYN-DONOR-2172de8b5bac407a,Dallas,Texas,No,260
SYN-DONOR-de50ecc1dbc249c7,San Jose,California,No,796
SYN-DONOR-2262b413c9534d98,Oakland,California,No,427
SYN-DONOR-c9fba03d1a3c4e9d,Fort Worth,Texas,No,234
SYN-DONOR-8df85108523c4e16,San Diego,California,No,435
SYN-DONOR-a4511b42a39048d3,Raleigh,North Carolina,No,507
SYN-DONOR-bf844c9d033e4776,Oakland,California,No,286
SYN-DONOR-39049e7fb6f843fd,San Francisco,California,No,379
SYN-DONOR-e316d29862d34e65,Chicago,Illinois,No,773
SYN-DONOR-6138a68240ad4efc,Miami,Florida,No,204
SYN-DONOR-b52bb10e21994c8d,Oakland,California,No,093
SYN-DONOR-682fa228bfef4230,Naperville,Illinois,No,689
SYN-DONOR-0d2435af4b974c6d,Aurora,Illinois,No,515
SYN-DONOR-36ddc7ea1ead4d2d,Dallas,Texas,No,403
SYN-DONOR-95afcd5b525d49f1,Rochester,New York,Yes,965
SYN-DONOR-905543d19ccf40d4,San Francisco,California,No,114
SYN-DONOR-15255989b3ac4c31,San Jose,California,No,955
SYN-DONOR-d7e184849df84219,Chicago,Illinois,No,376
SYN-DONOR-d3d98a429bd44291,Charlotte,North Carolina,No,277
SYN-DONOR-a3ec22298e1041fd,Dallas,Texas,Yes,403
SYN-DONOR-b2f7cdb00185476b,Los Angeles,California,Yes,321
SYN-DONOR-07dc6900c3e341be,San Jose,California,No,796
SYN-DONOR-33551dea3c624754,Buffalo,New York,No,267
SYN-DONOR-05c006272fc54d83,San Francisco,California,No,379
SYN-DONOR-73c70fc6956c4dbe,Austin,Texas,No,229
SYN-DONOR-fff1caa388954eed,San Diego,California,No,643
SYN-DONOR-cae22cf05eb44732,Bronx,New York,No,858
SYN-DONOR-ddf40b5242cb4563,Dallas,Texas,No,695
SYN-DONOR-3e2557cb0c1643c8,Charlotte,North Carolina,No,277
SYN-DONOR-7591fb27a34146ba,Fort Worth,Texas,No,111
SYN-DONOR-9f32ad156a8b4454,Charlotte,North Carolina,No,793
SYN-DONOR-3384fc11622d4432,San Diego,California,No,563
SYN-DONOR-b870b02889d24b9c,Dallas,Texas,No,403
SYN-DONOR-9b68985a30f744d8,San Jose,California,Yes,491
SYN-DONOR-8445639e42d24db2,Rockford,Illinois,No,886
SYN-DONOR-630ff4648b21497f,Fort Worth,Texas,No,061
SYN-DONOR-fd368bea092a4d63,Los Angeles,California,No,245
SYN-DONOR-e95643a953ad4f9c,San Antonio,Texas,Yes,268
SYN-DONOR-b36d2503100c4fc4,Dallas,Texas,No,671
SYN-DONOR-9f65951b9e3d4ac5,Tallahassee,Florida,No,365
SYN-DONOR-6d5ae225b607458e,Aurora,Illinois,No,515
SYN-DONOR-ab3136b3168344f4,Sacramento,California,No,707
SYN-DONOR-c805114182484077,Brooklyn,New York,No,240
SYN-DONOR-219bdf74557e4c74,Los Angeles,California,No,243
SYN-DONOR-ef4bacaeea59475f,Miami,Florida,No,204
SYN-DONOR-a4b926f937c649b0,San Jose,California,No,955
SYN-DONOR-d356352fa6a14948,Paris,other,No,539
SYN-DONOR-968f9b1a38f34f4a,Austin,Texas,Yes,065
SYN-DONOR-d611907a1c3347fa,Aurora,Illinois,No,515
SYN-DONOR-01190807705b44f8,San Diego,California,Yes,159
SYN-DONOR-57d166700abb47e0,Durham,North Carolina,No,312
SYN-DONOR-1c16d887653349c8,Orlando,Florida,No,119
SYN-DONOR-05cba43ef4344f51,Miami,Florida,No,818
SYN-DONOR-ec24d675e3594359,Rockford,Illinois,No,770
SYN-DONOR-15d1da9cac014f8e,Rockford,Illinois,Yes,770
SYN-DONOR-dc2da809c3164fc5,San Francisco,California,No,379
SYN-DONOR-aa143e22ffe543a3,Los Angeles,California,Yes,321
SYN-DONOR-0aab3453b2394949,Houston,Texas,No,559
SYN-DONOR-f16bb7a83e0746b1,Rockford,Illinois,No,770
SYN-DONOR-15e36bbc42474628,San Diego,California,No,226
SYN-DONOR-6129308cf61b42ad,Raleigh,North Carolina,No,507
SYN-DONOR-ea0efdd625664cdb,Bronx,New York,No,181
SYN-DONOR-f96b852c857b468b,El Paso,Texas,No,668
SYN-DONOR-7c7cbd63a33b4172,Raleigh,North Carolina,No,456
SYN-DONOR-14da4e698aca418d,Evanston,Illinois,Yes,090
SYN-DONOR-3dc1bd4e27164ddc,New York,New York,No,440
SYN-DONOR-cd423f5b995a41eb,Brooklyn,New York,No,647
SYN-DONOR-e760ed48b00f4e5a,Naperville,Illinois,No,647
SYN-DONOR-6d847f9f52be428d,Jacksonville,Florida,No,571
SYN-DONOR-fe12ee7abaad4e01,San Francisco,California,No,218
SYN-DONOR-24f36ff6d3644498,Orlando,Florida,No,529
SYN-DONOR-17e111c330074dab,Chicago,Illinois,No,835
SYN-DONOR-85cf23e8ba3c40ce,New York,New York,No,590
SYN-DONOR-a6957de274fe464e,Evanston,Illinois,Yes,144
SYN-DONOR-76064f2b5d804446,New York,New York,No,555
SYN-DONOR-d79189d0fac944f3,Fort Worth,Texas,Yes,931
SYN-DONOR-6d7ec1c499e94b05,Queens,New York,No,092
SYN-DONOR-c31f728be9c14673,San Jose,California,No,850
SYN-DONOR-7f036385a952407c,Brooklyn,New York,No,075
SYN-DONOR-c64f86d505b54cc0,Orlando,Florida,No,861
SYN-DONOR-bfe4abaaa27e4a06,El Paso,Texas,No,212
SYN-DONOR-452d793bc94a4dc6,Rockford,Illinois,No,670
SYN-DONOR-654b7cb42ba5438e,Austin,Texas,Yes,065
SYN-DONOR-e135faf7eab5423e,Naperville,Illinois,No,833
SYN-DONOR-bd06bc241afe4b5b,Sacramento,California,Yes,705
SYN-DONOR-9db3748cacf74fc8,Miami,Florida,No,474
SYN-DONOR-fce0441b9afa46b3,Fort Worth,Texas,No,111
SYN-DONOR-e1916a8b51f4421c,San Francisco,California,No,370
SYN-DONOR-cceff1b813f849fc,Sacramento,California,Yes,018
SYN-DONOR-04fa63f48c3d4007,San Diego,California,Yes,643
SYN-DONOR-566f6eb300d74ec7,San Jose,California,Yes,955
SYN-DONOR-52c9fa02caef44fd,San Antonio,Texas,No,742
SYN-DONOR-b294e8d911834065,Orlando,Florida,No,861
SYN-DONOR-b9dceac107b14b7f,El Paso,Texas,No,423
SYN-DONOR-060b636d3cd84378,Rockford,Illinois,No,770
SYN-DONOR-136af09e1eed437d,Aurora,Illinois,No,312
SYN-DONOR-137368a6ba454e63,Aurora,Illinois,Yes,312
SYN-DONOR-90187bc7d6de4003,Queens,New York,Yes,092
SYN-DONOR-136dad91b94a4fb5,Chicago,Illinois,Yes,655
SYN-DONOR-5d87e446aa484961,Paris,other,No,539
SYN-DONOR-bdb6c2335e594119,San Jose,California,No,105
SYN-DONOR-88ebac82da0f4cb8,San Jose,California,Yes,105
SYN-DONOR-7943730c2c9e4b8f,Tallahassee,Florida,No,813
SYN-DONOR-98f85e437fb447fa,Sacramento,California,No,443
SYN-DONOR-f1163a2e57cd485c,Charlotte,North Carolina,No,793
SYN-DONOR-73e42e1b45a14478,San Jose,California,No,850
SYN-DONOR-5203d3322d4c4f2f,El Paso,Texas,No,668
SYN-DONOR-08703a68ac0f4276,San Francisco,California,No,295
SYN-DONOR-0825b887b804468e,El Paso,Texas,No,212
SYN-DONOR-9eb222ffb8c44bb2,Brooklyn,New York,No,647
SYN-DONOR-08acaa2533344f29,Naperville,Illinois,Yes,291
SYN-DONOR-d1273f3396614400,Orlando,Florida,Yes,036
SYN-DONOR-da3ff0c926e44dc6,Rochester,New York,No,584
SYN-DONOR-5f7d64c505bf4389,Rochester,New York,No,584
SYN-DONOR-dcf49d40c76b42ce,San Diego,California,No,911
SYN-DONOR-41c850ecd9c84356,Buffalo,New York,No,251
SYN-DONOR-cc210282d76640a2,Rochester,New York,No,445
SYN-DONOR-d017fed0ebc04f9e,Sacramento,California,Yes,333
SYN-DONOR-78dad579bb774266,Oakland,California,No,112
SYN-DONOR-ec14663cfe844339,Los Angeles,California,No,471
SYN-DONOR-35771fab980c4646,Buffalo,New York,No,612
SYN-DONOR-0cdc2d19577646e7,Queens,New York,No,092
SYN-DONOR-31c3b9dc925245b4,Orlando,Florida,No,119
SYN-DONOR-3c7c70cac7234c04,Austin,Texas,No,065
SYN-DONOR-56d1749426734cbf,London,other,No,110
SYN-DONOR-3d21ed36588b4a45,Naperville,Illinois,Yes,291
SYN-DONOR-3f4fc203fdbd454f,Unknown,other,No,342
SYN-DONOR-b615ade509e3435f,Durham,North Carolina,No,312
SYN-DONOR-07e38869f2464e72,Rockford,Illinois,No,954
SYN-DONOR-d37fda1388e34cb7,Dallas,Texas,No,671
SYN-DONOR-c5cdb5c2bf444bd6,Los Angeles,California,No,245
SYN-DONOR-796296d6ba7346eb,Los Angeles,California,No,998
SYN-DONOR-9943475da67e4eae,Oakland,California,Yes,286
SYN-DONOR-aad75046807d4b5c,Naperville,Illinois,No,758
SYN-DONOR-5fcc051006f545a2,Evanston,Illinois,No,120
SYN-DONOR-87b363d8a7964102,El Paso,Texas,No,061
SYN-DONOR-40c0900533994e52,Bronx,New York,Yes,181
SYN-DONOR-3067fd5180eb4a85,Los Angeles,California,No,420
SYN-DONOR-a98ef9beb9bf468a,Aurora,Illinois,Yes,299
SYN-DONOR-3b2eeb66490a47e1,San Jose,California,No,972
SYN-DONOR-1f0ea523618d45f5,Fort Worth,Texas,Yes,097
SYN-DONOR-75ad62a5b5334cd4,Tallahassee,Florida,Yes,813
SYN-DONOR-24cb66b4e8c542a4,Sacramento,California,Yes,018
SYN-DONOR-19b3b65e8042402b,Rochester,New York,No,965
SYN-DONOR-98a401eeae144b5d,San Diego,California,No,399
SYN-DONOR-1f1289c604484a9f,Evanston,Illinois,Yes,144
SYN-DONOR-c538f345f73042b5,San Francisco,California,No,114
SYN-DONOR-69faa9791c194a18,Buffalo,New York,Yes,267
SYN-DONOR-33cba0f037434177,Brooklyn,New York,Yes,728
SYN-DONOR-e06cd82946b64e62,New York,New York,No,381
SYN-DONOR-30ba459c35e44733,El Paso,Texas,No,627
SYN-DONOR-4012433f48474390,Durham,North Carolina,Yes,673
SYN-DONOR-401116cdbcdf41a4,New York,New York,Yes,555
SYN-DONOR-8a17ef1ecf7c44e1,Brooklyn,New York,No,075
SYN-DONOR-c3191b55eb484cdd,Oakland,California,No,205
SYN-DONOR-7164cd4788b84e4e,Brooklyn,New York,Yes,647
SYN-DONOR-3f7de9b5c4a2430e,Charlotte,North Carolina,No,277
SYN-DONOR-8df17840fa9a4ad5,San Francisco,California,No,370
SYN-DONOR-c25b504a33644b9d,Miami,Florida,No,818
SYN-DONOR-fb0ef9b706644584,Naperville,Illinois,No,689
SYN-DONOR-e26839529de74f47,Charlotte,North Carolina,Yes,277
SYN-DONOR-50069d29b0cc47b8,Chicago,Illinois,No,937
SYN-DONOR-f99f1af7cded4200,Buffalo,New York,No,267
SYN-DONOR-a740478614ed4b5d,Rochester,New York,No,011
SYN-DONOR-583035f76bd7488f,San Jose,California,No,491
SYN-DONOR-e912d27b584f41c0,Queens,New York,Yes,790
SYN-DONOR-44136879cc33446e,Houston,Texas,Yes,173
SYN-DONOR-40db2e47eda4455d,Miami,Florida,No,799
SYN-DONOR-debcac0b95104bcc,Aurora,Illinois,No,312
SYN-DONOR-a696f082aa204a37,Houston,Texas,No,559
SYN-DONOR-444e3affc45a4529,Houston,Texas,No,559
SYN-DONOR-9645d5c46f6448cd,El Paso,Texas,Yes,747
SYN-DONOR-41835e902cc24304,Los Angeles,California,No,420
SYN-DONOR-3b0a0bcce14f4191,Rockford,Illinois,No,670
SYN-DONOR-079904c4d7074977,Oakland,California,Yes,093
SYN-DONOR-bc24faa288194f63,Durham,North Carolina,No,312
SYN-DONOR-7f4313623bdb416b,San Francisco,California,No,935
SYN-DONOR-31ee612c86fd4009,Queens,New York,No,688
SYN-DONOR-c209d74158e44063,San Jose,California,No,022
SYN-DONOR-b6951c5a2abb431e,Naperville,Illinois,No,833
SYN-DONOR-dc9b5115de4841df,Tampa,Florida,Yes,035
SYN-DONOR-4b2badb5a1e74d38,Brooklyn,New York,No,139
SYN-DONOR-c57fc618a4fd492e,San Diego,California,No,910
SYN-DONOR-bbd19345a0934b37,Rochester,New York,No,636
SYN-DONOR-bfacba6c5d464a48,Aurora,Illinois,No,299
SYN-DONOR-4a19fba342164743,Houston,Texas,No,559
SYN-DONOR-b21a84d1c5914a46,Paris,other,No,790
SYN-DONOR-aa2450ae61404822,Miami,Florida,Yes,818
SYN-DONOR-36952509bf684247,Bronx,New York,No,858
SYN-DONOR-539dbd7d652846d6,Brooklyn,New York,Yes,075
SYN-DONOR-524028f98b2e4196,Fort Worth,Texas,No,061
SYN-DONOR-6fefa1e6c8d44d2a,Miami,Florida,No,474
SYN-DONOR-8d9778d3afd940c1,Oakland,California,Yes,093
SYN-DONOR-cc76465079c54f27,El Paso,Texas,No,747
SYN-DONOR-4aa99f2dc9054f81,Queens,New York,Yes,086
SYN-DONOR-e6bf53cc5d8c4dd7,San Diego,California,Yes,911
SYN-DONOR-66e4104bef744dc2,Evanston,Illinois,No,081
SYN-DONOR-f2456f21bfa54a45,Houston,Texas,Yes,559
SYN-DONOR-194c5b824f7a421d,Austin,Texas,No,083
SYN-DONOR-e6117746c70746b0,London,other,No,110
SYN-DONOR-f26dbee083ca43ef,Naperville,Illinois,No,291
SYN-DONOR-fc87e0dcf3c14a44,London,other,Yes,110
SYN-DONOR-d768bbdd1c9b4f25,Rochester,New York,No,445
SYN-DONOR-15471591d078458a,Naperville,Illinois,Yes,647
SYN-DONOR-2ed49bea9c624634,Jacksonville,Florida,No,571
SYN-DONOR-238c3443e2ea4d0d,Oakland,California,No,205
SYN-DONOR-5f237bc85115497f,El Paso,Texas,Yes,212
SYN-DONOR-b5ba0852cb9a4a38,San Jose,California,No,491
SYN-DONOR-aa84633f4c144fc2,Greensboro,North Carolina,No,521
SYN-DONOR-0c324a92980c463d,Oakland,California,No,097
SYN-DONOR-10824ba6278b432a,Brooklyn,New York,Yes,139
SYN-DONOR-7acb831538874ab9,Austin,Texas,No,065
SYN-DONOR-e40f1e56cc364694,San Diego,California,No,159
SYN-DONOR-b273618e055e4f27,San Francisco,California,No,379
SYN-DONOR-681fe8930f66496a,Raleigh,North Carolina,No,409
SYN-DONOR-6c8b411efd9d4050,Naperville,Illinois,No,701
SYN-DONOR-86c7db46803942a5,Naperville,Illinois,Yes,701
SYN-DONOR-322f7a5ae51149c7,Brooklyn,New York,No,728
SYN-DONOR-ae098fff56714686,Sacramento,California,No,110
SYN-DONOR-36ac0a8ef5ce4fa2,Los Angeles,California,No,853
SYN-DONOR-9f32a719c31849d4,Naperville,Illinois,No,833
SYN-DONOR-b22eac265c2d4677,Queens,New York,No,688
SYN-DONOR-00563322237946d7,San Francisco,California,No,563
SYN-DONOR-fe0b17a8f4d24561,Evanston,Illinois,No,120
SYN-DONOR-7ffe4631e1b14021,New York,New York,Yes,620
SYN-DONOR-75145bcdad0d4762,Houston,Texas,No,559
SYN-DONOR-4ccfcb7f0b3e4f15,El Paso,Texas,No,941
SYN-DONOR-00d9089cea874f3f,Sacramento,California,No,333
SYN-DONOR-cf4424240ed84e4c,Queens,New York,No,790
SYN-DONOR-1c353f02c700425f,Los Angeles,California,Yes,245
SYN-DONOR-6ab636128c8c43b0,Evanston,Illinois,No,144
SYN-DONOR-528aee7dfa4a4ffb,Rochester,New York,No,584
SYN-DONOR-58514565f361490c,Fort Worth,Texas,No,061
SYN-DONOR-4c37421112d64d4e,Oakland,California,No,716
SYN-DONOR-293ca393abde4523,Evanston,Illinois,No,081
SYN-DONOR-d417b43101bd4031,San Diego,California,No,563
SYN-DONOR-db1e0793551944c2,Sacramento,California,No,110
SYN-DONOR-af098a797b7e4177,San Jose,California,No,354
SYN-DONOR-0bb85f56649943ab,Naperville,Illinois,No,156
SYN-DONOR-3b45297ad15e45e0,London,other,No,127
SYN-DONOR-2cde87788da74e1b,New York,New York,Yes,166
SYN-DONOR-0ea2685f80b24646,Buffalo,New York,No,267
SYN-DONOR-a39e08d7cf4f4666,Durham,North Carolina,Yes,312
SYN-DONOR-87b3b4dc844b424b,Oakland,California,No,474
SYN-DONOR-2a1016e64ca84179,Dallas,Texas,Yes,260
SYN-DONOR-165d8f8377a74e73,El Paso,Texas,No,316
SYN-DONOR-9a93d440fa4d493e,Chicago,Illinois,Yes,835
SYN-DONOR-9851afb655bc4699,Miami,Florida,No,204
SYN-DONOR-092733a0294c494c,Los Angeles,California,No,471
SYN-DONOR-f7c2c8aa2e464fbf,El Paso,Texas,No,941
SYN-DONOR-6c691a00e9974b4c,Buffalo,New York,Yes,612
SYN-DONOR-b07bf4fed7b84480,Rochester,New York,No,584
SYN-DONOR-c96bd7a09fcc416b,Naperville,Illinois,No,701
SYN-DONOR-22e9c85ff8dd457f,Houston,Texas,No,559
SYN-DONOR-62730ed1c328430c,San Francisco,California,No,728
SYN-DONOR-a4f9b206eb544e92,San Francisco,California,No,161
SYN-DONOR-e087adeb73834b7f,Chicago,Illinois,No,891
SYN-DONOR-f58eb6c120b74150,Fort Worth,Texas,No,097
SYN-DONOR-ae19b01a48bc477c,Tallahassee,Florida,No,365
SYN-DONOR-ce83f6abaae945ea,Oakland,California,No,716
SYN-DONOR-08dcf038eb424fa8,Rockford,Illinois,No,435
SYN-DONOR-19cfa9dec5234263,Brooklyn,New York,Yes,268
SYN-DONOR-edece96312c34549,San Francisco,California,No,935
SYN-DONOR-7c3202dca2c64047,Evanston,Illinois,No,081
SYN-DONOR-9e46338a08134289,Brooklyn,New York,No,139
SYN-DONOR-501907d1fd7c4bd3,El Paso,Texas,No,061
SYN-DONOR-bfb09f611bb540ea,San Francisco,California,Yes,161
SYN-DONOR-d762e8da4d454fed,London,other,No,127
SYN-DONOR-62275c1ef66f407d,San Diego,California,Yes,159
SYN-DONOR-7b19c8ddfdc3475a,Miami,Florida,No,799
SYN-DONOR-bac94d54a4554762,Sacramento,California,No,310
SYN-DONOR-265798fdff6b4684,Raleigh,North Carolina,Yes,864
SYN-DONOR-a53d10adb6334e09,Los Angeles,California,No,420
SYN-DONOR-14611c434d814f62,Durham,North Carolina,No,673
SYN-DONOR-6e1e49419f714fba,Sacramento,California,No,879
SYN-DONOR-6337d87ea48b4c19,Buffalo,New York,No,251
SYN-DONOR-09e3dfe1bb194d79,Naperville,Illinois,Yes,758
SYN-DONOR-7b7c152417e34ba4,Evanston,Illinois,No,120
SYN-DONOR-faf7ff3b644849bd,Brooklyn,New York,No,268
SYN-DONOR-758917fbe0454824,Oakland,California,No,286
SYN-DONOR-5d88fc9b104a4b6e,San Diego,California,No,910
SYN-DONOR-9eaf994a423345ea,San Diego,California,No,563
SYN-DONOR-9b21722bd2f54aac,San Diego,California,Yes,435
SYN-DONOR-5eb9768c575348c0,Naperville,Illinois,No,894
SYN-DONOR-a7d9d06a1f814b57,Rochester,New York,No,011
SYN-DONOR-9e9a064cdcfa49d9,Naperville,Illinois,No,647
SYN-DONOR-ca2f160bfd594ac3,Tallahassee,Florida,No,031
SYN-DONOR-e8531af49cbe4583,Aurora,Illinois,Yes,515
SYN-DONOR-ef431d6671a54f74,El Paso,Texas,No,162
SYN-DONOR-d26d200c9ce740d8,Brooklyn,New York,No,722
SYN-DONOR-5a54011bd9ac4e52,El Paso,Texas,No,316
SYN-DONOR-6f2dfb5e49cf4282,Brooklyn,New York,No,728
SYN-DONOR-7ebe4a58fa364aac,Oakland,California,No,716
SYN-DONOR-7572b4963a6e4f2c,New York,New York,No,930
SYN-DONOR-3c122ac60cd147e1,Naperville,Illinois,No,689
SYN-DONOR-4535454090ef4e09,Queens,New York,Yes,984
SYN-DONOR-18fd15c737184264,San Francisco,California,No,728
SYN-DONOR-18cf1873d4ac461d,El Paso,Texas,No,747
SYN-DONOR-ac2476c5a7724be4,Fort Worth,Texas,No,097
SYN-DONOR-dddecde80a2d452e,El Paso,Texas,No,423
SYN-DONOR-03653dea68584b64,Rochester,New York,No,550
SYN-DONOR-eb871cb5f121406a,San Francisco,California,No,370
SYN-DONOR-bb0fa3717130477c,Los Angeles,California,No,830
SYN-DONOR-4202ee0c73a8428d,Sacramento,California,No,705
SYN-DONOR-df9bb86d0c3e4d77,Tallahassee,Florida,No,031
SYN-DONOR-bf526bfc42a84eba,Sacramento,California,No,110
SYN-DONOR-886d63aa2cfa4792,Jacksonville,Florida,No,571
SYN-DONOR-0bad635391d34ec0,Dallas,Texas,No,403
SYN-DONOR-81aa9b0d917a41da,Paris,other,Yes,790
SYN-DONOR-f8b6cb83374e448c,San Diego,California,Yes,338
SYN-DONOR-56da06b94ea644b7,Chicago,Illinois,No,982
SYN-DONOR-bf23eb656def4f78,Raleigh,North Carolina,Yes,300
SYN-DONOR-ba33909f38464e61,Houston,Texas,No,173
SYN-DONOR-c8f45b086ace4f7f,Queens,New York,No,688
SYN-DONOR-c7a36b438c284e29,Sacramento,California,No,110
SYN-DONOR-e4fd1aa197fc43af,Naperville,Illinois,Yes,689
SYN-DONOR-6b61586ecba14244,Chicago,Illinois,No,376
SYN-DONOR-7638444588034b7c,Jacksonville,Florida,Yes,651
SYN-DONOR-329c3056032a45b7,Dallas,Texas,No,260
SYN-DONOR-0730f80fc8d54aff,Naperville,Illinois,Yes,647
SYN-DONOR-49570842cefc4b14,Raleigh,North Carolina,No,300
SYN-DONOR-53724b2fc4e54910,Fort Worth,Texas,No,061
SYN-DONOR-e04ab210456f445d,Bronx,New York,No,181
SYN-DONOR-8d417509295048cf,Rockford,Illinois,No,435
SYN-DONOR-8fa7ac7308984e85,Rockford,Illinois,No,435
SYN-DONOR-52b1eb88f93d4272,Jacksonville,Florida,No,571
SYN-DONOR-d1f892d2ff05475a,Charlotte,North Carolina,Yes,277
SYN-DONOR-0a7df5f18bd04ba7,Rockford,Illinois,No,954
SYN-DONOR-7eafe585dfec4b4b,Brooklyn,New York,No,075
SYN-DONOR-15152050035c4842,Oakland,California,No,859
SYN-DONOR-6cc848518eb94007,New York,New York,No,166
SYN-DONOR-aa97dea02c054467,Oakland,California,No,112
SYN-DONOR-d25998097a524a7b,San Diego,California,Yes,226
SYN-DONOR-cd3d3917e6ed4a99,New York,New York,Yes,225
SYN-DONOR-dfc2346b93174aec,Queens,New York,No,688
SYN-DONOR-a2ac0c9ea23043da,San Francisco,California,No,379
SYN-DONOR-98e63514dacd4777,San Francisco,California,No,295
SYN-DONOR-dc682f229d6541db,Los Angeles,California,Yes,998
SYN-DONOR-c05063d5850e46ff,Paris,other,No,539
SYN-DONOR-9c219267e2254b43,Oakland,California,No,093
SYN-DONOR-a6563ff276b14a17,Paris,other,No,319
SYN-DONOR-2baef0484aeb462b,Naperville,Illinois,No,689
SYN-DONOR-f4c2b63c0f6a43f7,San Jose,California,No,796
SYN-DONOR-a8a8037ef4854bc3,Naperville,Illinois,No,156
SYN-DONOR-eba5a7e4d79b4d5d,Bronx,New York,No,475
SYN-DONOR-2778b0a562a5493d,San Francisco,California,Yes,935
SYN-DONOR-780b9c9adc744232,Greensboro,North Carolina,No,521
SYN-DONOR-eb70a76e9feb4992,Naperville,Illinois,Yes,758
SYN-DONOR-0a88dc2a8c0f455c,Queens,New York,No,086
SYN-DONOR-b145618d3b6a404c,Los Angeles,California,No,245
SYN-DONOR-adc9ea01d7b048a7,Chicago,Illinois,No,773
SYN-DONOR-1da37422b7ef4e71,Jacksonville,Florida,No,571
SYN-DONOR-60dcd055eb4d4ee7,Charlotte,North Carolina,No,461
SYN-DONOR-b238b0ed1b68471e,Naperville,Illinois,No,894
SYN-DONOR-839c1147ca3b4829,Austin,Texas,No,876
SYN-DONOR-8ef73938ddd84106,Los Angeles,California,Yes,243
SYN-DONOR-fcc22d7f27c34705,Durham,North Carolina,No,673
SYN-DONOR-17cc4c7dee7247f3,Durham,North Carolina,No,312
SYN-DONOR-e65cfe9e2f014143,Tallahassee,Florida,No,813
SYN-DONOR-3d4559e7aa294b55,Oakland,California,No,859
SYN-DONOR-1650d4ee3f924aff,Brooklyn,New York,No,240
SYN-DONOR-f926324525484db9,San Francisco,California,No,161
SYN-DONOR-9abdaa919f87498f,Dallas,Texas,No,671
SYN-DONOR-567b371a686d4b6f,Miami,Florida,Yes,250
SYN-DONOR-db5b06f6a5a44435,Houston,Texas,No,173
SYN-DONOR-6e9df7db6c9d412c,Rockford,Illinois,No,954
SYN-DONOR-3c90f83e2a2346f0,Austin,Texas,No,083
SYN-DONOR-ba77346ef2324448,Raleigh,North Carolina,Yes,300
SYN-DONOR-df9bce7e960c4aa0,Naperville,Illinois,No,934
SYN-DONOR-6dbe351bdfde45f9,Sacramento,California,No,333
SYN-DONOR-a4872afe6ede4efd,Buffalo,New York,Yes,612
SYN-DONOR-451b5ac9d3c34250,El Paso,Texas,No,668
SYN-DONOR-5198f98ac7db4b6f,Buffalo,New York,Yes,612
SYN-DONOR-01a662320c0a4e58,Rochester,New York,No,445
SYN-DONOR-3c78dbb430694486,Raleigh,North Carolina,No,409
SYN-DONOR-19cef5b09e274e61,Dallas,Texas,Yes,403
SYN-DONOR-f7515f3b22a34fab,Oakland,California,No,474
SYN-DONOR-310c435465cd4648,Bronx,New York,Yes,772
SYN-DONOR-c9b18ba5bf294764,Fort Worth,Texas,No,061
SYN-DONOR-7ec21b431c53434b,San Francisco,California,No,728
SYN-DONOR-7459f443d305457c,New York,New York,Yes,620
SYN-DONOR-761f99b2c800431b,El Paso,Texas,No,423
SYN-DONOR-2cfc6122d9cd42a9,Paris,other,No,790
SYN-DONOR-f599c15a622446ed,San Jose,California,No,972
SYN-DONOR-1e2335a1b79944e2,San Antonio,Texas,Yes,742
SYN-DONOR-57b6af3f04c74137,Jacksonville,Florida,No,571
SYN-DONOR-3974cb9d26364266,Tallahassee,Florida,No,365
SYN-DONOR-2b20f82ae7854615,San Francisco,California,No,379
SYN-DONOR-687099e10a434246,Los Angeles,California,No,471
SYN-DONOR-c8a0f2d4542947bf,Tampa,Florida,No,801
SYN-DONOR-421fa62655f54f45,Bronx,New York,Yes,772
SYN-DONOR-4cc168d5ce5f4121,El Paso,Texas,No,747
SYN-DONOR-4bed4af9d3ff4e49,San Diego,California,No,399
SYN-DONOR-ee05e9389cbf48f0,Rochester,New York,No,550
SYN-DONOR-6295dab10a6b4308,Queens,New York,No,833
SYN-DONOR-55e90e88a4494407,Miami,Florida,Yes,563
SYN-DONOR-7cae2d248b9d4f0a,San Jose,California,No,105
SYN-DONOR-ca62552e652a4494,Oakland,California,Yes,716
SYN-DONOR-a1ef5cf611df4a69,Naperville,Illinois,No,894
SYN-DONOR-67dcb2d85e3140f7,San Diego,California,No,338
SYN-DONOR-a2bdcd8acfc94b50,Aurora,Illinois,No,788
SYN-DONOR-bfb18048cf9249d5,San Diego,California,No,159
SYN-DONOR-01de2b90ed424b6e,Buffalo,New York,No,267
SYN-DONOR-f468fd939dd341d9,Paris,other,No,539
SYN-DONOR-b7531deb3ac74cd1,Sacramento,California,No,705
SYN-DONOR-7bebade089fa4612,Sacramento,California,No,707
SYN-DONOR-8bc755c5048a4d59,San Francisco,California,Yes,218
SYN-DONOR-655f610c62ea44ff,New York,New York,No,930
SYN-DONOR-baae6fc6a6814082,Rochester,New York,Yes,965
SYN-DONOR-7146730d3a044720,Naperville,Illinois,No,156
SYN-DONOR-3ae039686ea94a4d,Houston,Texas,No,173
SYN-DONOR-b15816faca84416b,Rochester,New York,No,584
SYN-DONOR-bb4b2c8932a448fb,Charlotte,North Carolina,Yes,793
SYN-DONOR-3fd56538d086409a,San Jose,California,Yes,354
SYN-DONOR-cb73860554d541ed,San Francisco,California,No,295
SYN-DONOR-c68031bc5d4b4b24,New York,New York,No,620
SYN-DONOR-b0726ef343c94d24,San Jose,California,No,955
SYN-DONOR-126f689e69484afb,Oakland,California,No,716
SYN-DONOR-432498e6937841f4,San Jose,California,No,972
SYN-DONOR-d45caba115be497c,Unknown,other,No,342
SYN-DONOR-1ea6279bbbf8447f,San Antonio,Texas,No,516
SYN-DONOR-ed17acd5352d4f54,Fort Worth,Texas,No,097
SYN-DONOR-45a743753be14470,Charlotte,North Carolina,Yes,461
SYN-DONOR-3b9913a202954b53,Miami,Florida,Yes,563
SYN-DONOR-9a07c7f07b2a4093,Oakland,California,No,093
SYN-DONOR-63c8ed9a0a604424,San Diego,California,Yes,911
SYN-DONOR-6beff87f9e8747ed,Jacksonville,Florida,No,263
SYN-DONOR-33bb92189e614bf5,El Paso,Texas,No,316
SYN-DONOR-1e64010cc4234e9e,Chicago,Illinois,No,982
SYN-DONOR-37223eded9834d38,New York,New York,No,930
SYN-DONOR-65d4bd1811b7464e,El Paso,Texas,No,627
SYN-DONOR-14c79f2012d64d7d,Brooklyn,New York,Yes,722
SYN-DONOR-b08797618d4b4fe4,Aurora,Illinois,No,299
SYN-DONOR-158ca6b3d0254d4f,Los Angeles,California,No,998
SYN-DONOR-138cdc49b17f45f4,Queens,New York,No,086
SYN-DONOR-08eed1f644c9452f,Brooklyn,New York,Yes,647
SYN-DONOR-5f4b5dfc28864cee,Chicago,Illinois,No,835
SYN-DONOR-8c123c7708dd49ff,San Jose,California,No,955
SYN-DONOR-65aca68e85774e78,Rockford,Illinois,No,886
SYN-DONOR-77a5af92813f4dcd,Sacramento,California,No,707
SYN-DONOR-8cbd4df63ad94f39,Tampa,Florida,No,801
SYN-DONOR-651c741b994e49a0,Los Angeles,California,No,243
SYN-DONOR-eb9d9edf41a449e7,San Francisco,California,No,563
SYN-DONOR-01567b7793e44e1e,Chicago,Illinois,No,982
SYN-DONOR-aaaa3f66d4d84763,Oakland,California,No,093
SYN-DONOR-b3b9a774e0b64c2b,Queens,New York,No,833
SYN-DONOR-be26d399db084ca5,Sacramento,California,No,705
SYN-DONOR-48e52eb9e0534c87,Dallas,Texas,No,260
SYN-DONOR-d33b2c753d2e49cc,El Paso,Texas,No,747
SYN-DONOR-48667eab201542b2,London,other,No,110
SYN-DONOR-e2f84fe2a53b4c70,Bronx,New York,No,858
SYN-DONOR-b6fd0a562ba24564,Orlando,Florida,No,861
SYN-DONOR-4aa57a8cc8bf46c6,Aurora,Illinois,No,788
SYN-DONOR-08c7bbcc42b54b89,Paris,other,No,790
SYN-DONOR-ec24faeb9baa4b97,Oakland,California,Yes,474
SYN-DONOR-662a27dc43a442f9,San Francisco,California,No,295
SYN-DONOR-136f5261d1ee4310,Dallas,Texas,No,260
SYN-DONOR-77f832b4a5a24cc9,San Antonio,Texas,No,268
SYN-DONOR-75e2f7870e074f3c,El Paso,Texas,No,941
SYN-DONOR-66f9b8aba40e4c8b,San Francisco,California,Yes,114
SYN-DONOR-af797bd2eff94765,Naperville,Illinois,No,894
SYN-DONOR-375a297bdbfd4b47,Unknown,other,Yes,342
SYN-DONOR-e9269547085f4eab,Los Angeles,California,No,830
SYN-DONOR-7092494f1ea04007,Rockford,Illinois,Yes,954
SYN-DONOR-1c05e2d80ebe466e,San Francisco,California,No,370
SYN-DONOR-c693182007ad42ca,El Paso,Texas,No,316
SYN-DONOR-d7db611475bd4aaa,San Jose,California,No,447
SYN-DONOR-fed0cb175cd347ba,Raleigh,North Carolina,No,456
SYN-DONOR-ec2a4421cd6a4269,El Paso,Texas,No,941
SYN-DONOR-308696ffe06b4a97,Houston,Texas,No,559
SYN-DONOR-4a33ac3b5c3541a6,San Jose,California,No,105
SYN-DONOR-f39f0f9b0af84be9,Los Angeles,California,No,853
SYN-DONOR-a5d3649e396a4fad,Dallas,Texas,Yes,671
SYN-DONOR-1c6a45cbc96d43d7,San Francisco,California,No,370
SYN-DONOR-3c96dfa376e4435c,Miami,Florida,Yes,818
SYN-DONOR-6ac798325d8243cf,Los Angeles,California,No,999
SYN-DONOR-d6753d0fd2db4f0d,San Jose,California,No,022
SYN-DONOR-5cc780d7cdd94033,Oakland,California,No,205
SYN-DONOR-f3f779cd5e4948b9,Los Angeles,California,No,245
SYN-DONOR-1a238d0fbd2f4730,Rockford,Illinois,No,670
SYN-DONOR-0341bbe7073842c3,San Jose,California,No,796
SYN-DONOR-3ce2df1bbfb94f9c,Unknown,other,No,342
SYN-DONOR-1fb845b2b4544991,San Antonio,Texas,No,268
SYN-DONOR-135968c23421439c,Oakland,California,No,112
SYN-DONOR-3a450247af2744fe,San Antonio,Texas,No,268
SYN-DONOR-74b67279bbaa4ed2,Raleigh,North Carolina,No,864
SYN-DONOR-0f6342a067a54828,Oakland,California,Yes,093
SYN-DONOR-755b46e23b7348b9,Queens,New York,Yes,833
SYN-DONOR-e26689a1f1954f13,Oakland,California,No,097
SYN-DONOR-5e0b4b46e4274e2f,New York,New York,No,225
SYN-DONOR-c4aca12964194fd7,Orlando,Florida,No,529
SYN-DONOR-80b38f07e5b54b3d,Miami,Florida,No,563
SYN-DONOR-e25ee01e4e9f44b9,Naperville,Illinois,No,689
SYN-DONOR-b9b794e204dd428e,Chicago,Illinois,Yes,655
SYN-DONOR-9bef4691a73547b1,Austin,Texas,No,922
SYN-DONOR-5a261b6184114b3a,Miami,Florida,No,818
SYN-DONOR-276fbbe5e5cb4122,Oakland,California,Yes,112
SYN-DONOR-24fb46cf0c144458,Brooklyn,New York,Yes,240
SYN-DONOR-393c94d92d184ba7,San Jose,California,No,447
SYN-DONOR-5aa774a87ec74048,Charlotte,North Carolina,No,793
SYN-DONOR-d5c38719e19f4584,San Francisco,California,No,161
SYN-DONOR-55cc2ba4df744b65,New York,New York,No,620
SYN-DONOR-6811c5a3c90241ab,Sacramento,California,Yes,443
SYN-DONOR-07a7eb2611944e36,Austin,Texas,No,083
SYN-DONOR-ec1b96d933e9447a,Paris,other,No,539
SYN-DONOR-104a9d6c815b475a,San Antonio,Texas,Yes,742
SYN-DONOR-26ff38025e4345e4,San Diego,California,No,399
SYN-DONOR-8471d78737f74852,London,other,No,127
SYN-DONOR-01c9fcf5ebc34a5e,Tallahassee,Florida,No,813
SYN-DONOR-28cd2fbe3dd740de,Jacksonville,Florida,No,263
SYN-DONOR-dfa7a6360aca4883,Brooklyn,New York,Yes,647
SYN-DONOR-b4ea307af6cb4ee7,Naperville,Illinois,No,689
SYN-DONOR-ff2b643c8227426f,Orlando,Florida,No,036
SYN-DONOR-6f9eaa16046d4989,Chicago,Illinois,Yes,982
SYN-DONOR-a511b7417d934bfe,New York,New York,No,166
SYN-DONOR-2658911abb13406e,Tallahassee,Florida,No,031
SYN-DONOR-0b936794e4f048c8,Los Angeles,California,Yes,471
SYN-DONOR-7bdb6a01fd9e49e5,Charlotte,North Carolina,No,277
SYN-DONOR-8bc8224a0bd04df1,Aurora,Illinois,Yes,788
SYN-DONOR-2a74b45e41954cf8,Oakland,California,No,474
SYN-DONOR-ce619a6cf8764766,Queens,New York,No,086
SYN-DONOR-e9d15a3a31be439e,Dallas,Texas,Yes,260
SYN-DONOR-db7c532a362344d1,Rockford,Illinois,Yes,435
SYN-DONOR-a74b31a86b9949ea,San Jose,California,No,022
SYN-DONOR-afcd00e371424c2b,Oakland,California,No,093
SYN-DONOR-e1567050b910477d,Miami,Florida,No,799
SYN-DONOR-c10efb1dd8eb4867,Rochester,New York,No,550
SYN-DONOR-cc313dba3f3a4d26,Austin,Texas,No,922
SYN-DONOR-8b704f3c2834479c,Raleigh,North Carolina,Yes,409
SYN-DONOR-69a7e3ea3c44425f,San Francisco,California,Yes,728
SYN-DONOR-5bfbcd1a1b36495b,Los Angeles,California,No,321
SYN-DONOR-ec8a4ec26add4040,San Antonio,Texas,No,268
SYN-DONOR-43346b44d0bf4203,San Francisco,California,No,370
SYN-DONOR-f4c397c06b954068,Rochester,New York,Yes,965
SYN-DONOR-6ad765551aa8407a,Brooklyn,New York,No,728
SYN-DONOR-249a0449e0c94dce,London,other,No,110
SYN-DONOR-fa57d0ca906848e0,Los Angeles,California,No,998
SYN-DONOR-cd1619d77c5745b4,Evanston,Illinois,No,081
SYN-DONOR-a132a99e641646ea,Rochester,New York,Yes,550
SYN-DONOR-83170a042644474c,Queens,New York,No,790
SYN-DONOR-8cc8c19598fe4dc1,Oakland,California,No,427
SYN-DONOR-b9200bc6442a4ba6,Brooklyn,New York,Yes,377
SYN-DONOR-557d9f7a07084a26,New York,New York,No,381
SYN-DONOR-e8cc7c1b05ca4d36,Oakland,California,No,427
SYN-DONOR-1b2155afd5864936,Tallahassee,Florida,No,813
SYN-DONOR-9e7c8793b98c40da,New York,New York,No,381
SYN-DONOR-b04996703c3244df,Los Angeles,California,No,471
SYN-DONOR-f3c90fe838b54fda,Los Angeles,California,No,999
SYN-DONOR-5644694a17a44fc5,Naperville,Illinois,No,701
SYN-DONOR-5da81cddb03f40db,Bronx,New York,No,181
SYN-DONOR-85e619b6b283448f,Raleigh,North Carolina,No,864
SYN-DONOR-26fbe6d9d58746b3,San Diego,California,No,563
SYN-DONOR-584b0efea8d54a6d,Aurora,Illinois,Yes,788
SYN-DONOR-c298b613eef94a78,San Jose,California,No,105
SYN-DONOR-8441f25bbd764374,New York,New York,Yes,555
SYN-DONOR-19346e126c5c4116,New York,New York,No,381
SYN-DONOR-3a98a1a44b084b92,Brooklyn,New York,Yes,722
SYN-DONOR-0f27719ff080493c,Sacramento,California,No,255
SYN-DONOR-7ae9bcc35f764f29,Fort Worth,Texas,No,459
SYN-DONOR-a96af85dbe8a46d1,Tallahassee,Florida,No,365
SYN-DONOR-11c75fac3eca44b4,San Jose,California,No,022
SYN-DONOR-a0fd98f592e745ae,Oakland,California,No,112
SYN-DONOR-7b59754651814243,Aurora,Illinois,No,788
SYN-DONOR-7b3c8c10f87349ca,Charlotte,North Carolina,No,277
SYN-DONOR-c329c17f29174376,San Francisco,California,No,563
SYN-DONOR-d16224a2e78949a9,Aurora,Illinois,Yes,312
SYN-DONOR-4334a377428a44c4,Orlando,Florida,Yes,119
SYN-DONOR-91f15687b8ba45e7,Oakland,California,Yes,112
SYN-DONOR-a0050bc99c8c441e,Tampa,Florida,No,801
SYN-DONOR-bf6af8950a6d4221,Aurora,Illinois,No,312
SYN-DONOR-10b75d431d0449a9,San Antonio,Texas,No,516
SYN-DONOR-8ed12965266846a9,Rochester,New York,No,445
SYN-DONOR-87d8e744dadf4a44,El Paso,Texas,No,162
SYN-DONOR-d573bf13aef44470,El Paso,Texas,No,747
SYN-DONOR-7b0cc225dd2b4b78,Paris,other,No,319
SYN-DONOR-1806b4d3c9fa4fa4,El Paso,Texas,No,941
SYN-DONOR-2557402fc9514f1d,Los Angeles,California,Yes,420
SYN-DONOR-67a012e86a42442c,Los Angeles,California,No,363
SYN-DONOR-2ad7eb921f0f4695,Fort Worth,Texas,No,097
SYN-DONOR-865fdd73f38a48f3,Tampa,Florida,Yes,035
SYN-DONOR-3d2b36598b054231,Queens,New York,No,790
SYN-DONOR-afbe95973de140b6,San Jose,California,No,796
SYN-DONOR-563048f8b4574f29,Sacramento,California,No,333
SYN-DONOR-a23401f1d29041bf,Aurora,Illinois,No,312
SYN-DONOR-10d02664a3764370,Naperville,Illinois,No,701
SYN-DONOR-301e05db0487407c,Naperville,Illinois,No,971
SYN-DONOR-86c9e61af7704fb6,Austin,Texas,No,945
SYN-DONOR-3d72830b8f9844fc,Sacramento,California,No,903
SYN-DONOR-cae86a983aa84528,San Diego,California,Yes,911
SYN-DONOR-37c650a458194461,Rockford,Illinois,No,670
SYN-DONOR-2d40caf0ba9f4531,Orlando,Florida,Yes,036
SYN-DONOR-278755c18def423b,Bronx,New York,Yes,475
SYN-DONOR-766c9d97754047cb,Oakland,California,Yes,286
SYN-DONOR-4f795291c2464e5b,Austin,Texas,No,229
SYN-DONOR-d7cd80bf50bc4940,Austin,Texas,No,945
SYN-DONOR-6c4b7b61430b47a9,El Paso,Texas,No,316
SYN-DONOR-06fbf56ecea642b0,Brooklyn,New York,No,728
SYN-DONOR-83f3e96c7c9d4827,Fort Worth,Texas,No,111
SYN-DONOR-81832d6c12df47e9,Jacksonville,Florida,No,942
SYN-DONOR-4fda730a82024509,San Diego,California,No,563
SYN-DONOR-085be746d41c4014,San Jose,California,Yes,850
SYN-DONOR-8d43ef3d7d5e4ef0,Naperville,Illinois,No,833
SYN-DONOR-d614d8555c784b90,Raleigh,North Carolina,No,456
SYN-DONOR-079039582b8a4320,Los Angeles,California,No,420
SYN-DONOR-f48ab3c4c7714044,San Jose,California,Yes,491
SYN-DONOR-7855dc03c5764bff,Paris,other,Yes,319
SYN-DONOR-40b43df2deb7468e,New York,New York,No,555
SYN-DONOR-c8c7824031e34ae9,Rockford,Illinois,Yes,770
SYN-DONOR-9bfb589aafe242e2,Los Angeles,California,No,853
SYN-DONOR-2a81428c6be0424c,Miami,Florida,No,818
SYN-DONOR-aa2f585854af406c,Chicago,Illinois,No,376
SYN-DONOR-6914d22e7e644b7a,Brooklyn,New York,No,268
SYN-DONOR-a81226e3b35d4a6b,Miami,Florida,No,204
SYN-DONOR-e638aa5cd4db46d0,Brooklyn,New York,No,647
SYN-DONOR-2232cf55d7cc4431,San Antonio,Texas,No,268
SYN-DONOR-523f5e20549d4f7b,San Jose,California,Yes,491
SYN-DONOR-02da3c306c3a4059,Rockford,Illinois,No,643
SYN-DONOR-072c762942e445ae,Raleigh,North Carolina,No,507
SYN-DONOR-aa4c2dd40e1c4642,El Paso,Texas,No,747
SYN-DONOR-24000c64fcc14c87,San Diego,California,No,159
SYN-DONOR-599328644e63468a,Jacksonville,Florida,No,571
SYN-DONOR-b804a6ab80384552,London,other,Yes,127
SYN-DONOR-ab8e50eb79e14e6c,Oakland,California,Yes,859
SYN-DONOR-a8834b9e62664590,Naperville,Illinois,Yes,689
SYN-DONOR-5b5eb16566854bc4,Houston,Texas,No,363
SYN-DONOR-acb45e367d2d4555,Austin,Texas,Yes,229
SYN-DONOR-83a88948f2aa4f38,San Francisco,California,Yes,161
SYN-DONOR-409ee82b078a40f4,Oakland,California,Yes,097
SYN-DONOR-94ee1f537fe3423f,El Paso,Texas,No,212
SYN-DONOR-a0808020bc1a451e,Orlando,Florida,No,119
SYN-DONOR-25421ffa3b964066,San Jose,California,No,850
SYN-DONOR-5a3ca4567e7942b5,Los Angeles,California,Yes,853
SYN-DONOR-6ac85418bf6c499e,Naperville,Illinois,No,971
SYN-DONOR-8d59006d80624dd7,Rockford,Illinois,No,435
SYN-DONOR-4ecc87183e6b46a4,Chicago,Illinois,No,376
SYN-DONOR-35dc30a4774646ad,El Paso,Texas,No,212
SYN-DONOR-598b21ee90c84dfc,Buffalo,New York,No,251
SYN-DONOR-c18419708ab148c9,San Jose,California,No,022
SYN-DONOR-66ab5257789045eb,Durham,North Carolina,No,312
SYN-DONOR-1ddeb3d58f3a4512,Naperville,Illinois,No,647
SYN-DONOR-cb5751f3fcdc4496,Tallahassee,Florida,No,365
SYN-DONOR-1f26356a93a543f9,Paris,other,No,790
SYN-DONOR-d04db07181d84fee,San Diego,California,No,226
SYN-DONOR-8540f8979f6d4487,El Paso,Texas,No,162
SYN-DONOR-d6c0468616e14989,San Jose,California,Yes,491
SYN-DONOR-adc13f0ffb65400f,Unknown,other,No,342
SYN-DONOR-21c3c5c9b1d44f6c,Naperville,Illinois,Yes,249
SYN-DONOR-2905bc804afe4225,Aurora,Illinois,Yes,312
SYN-DONOR-29f36810d722425d,Brooklyn,New York,No,728
SYN-DONOR-a70d3312b5d84b91,Los Angeles,California,No,321
SYN-DONOR-f8b894fcc88944f2,Rochester,New York,Yes,011
SYN-DONOR-d4188c959f6e4bcc,Los Angeles,California,No,363
SYN-DONOR-beb36c4370684f99,London,other,No,127
SYN-DONOR-562acbb5bad84d6a,Buffalo,New York,Yes,267
SYN-DONOR-a2cb5f837b974079,Evanston,Illinois,Yes,081
SYN-DONOR-7807f3d454934a52,Oakland,California,No,716
SYN-DONOR-0d826cb129b74f35,San Francisco,California,No,728
SYN-DONOR-81a79720ae6641c7,Brooklyn,New York,Yes,647
SYN-DONOR-0dcfbb3f521540f8,Fort Worth,Texas,No,097
SYN-DONOR-8fd06cadc20e4a67,Dallas,Texas,No,403
SYN-DONOR-b28dcc9238304eb5,San Diego,California,No,911
SYN-DONOR-938ad6ec1d424df4,Orlando,Florida,No,861
SYN-DONOR-125e81f69b024a60,El Paso,Texas,Yes,162
SYN-DONOR-c5efe22df7264370,Houston,Texas,No,559
SYN-DONOR-0e134ac26bf44f0d,Tallahassee,Florida,No,365
SYN-DONOR-6efacfb5588d4a81,Naperville,Illinois,No,156
SYN-DONOR-adbb19b1bebc41cd,Durham,North Carolina,No,312
SYN-DONOR-0b770846f9b044b5,London,other,No,127
SYN-DONOR-f97fad9d68ef4747,San Francisco,California,Yes,295
SYN-DONOR-41b2758c9df94f25,Naperville,Illinois,No,689
SYN-DONOR-4f6f789f76954b77,Brooklyn,New York,Yes,728
SYN-DONOR-d2724bacb3f9496e,El Paso,Texas,No,162
SYN-DONOR-d5c7167a65b240cc,San Antonio,Texas,No,516
SYN-DONOR-5ced6d31b9c94711,Queens,New York,Yes,688
SYN-DONOR-e793cf298cf84abe,San Jose,California,No,796
SYN-DONOR-a70b0eacff7042f4,Dallas,Texas,No,403
SYN-DONOR-b65a260e05b64f3f,Sacramento,California,Yes,707
SYN-DONOR-5e07256a55e544db,Fort Worth,Texas,No,931
SYN-DONOR-e5c59fdeeb27428b,San Diego,California,No,643
SYN-DONOR-92a63ea366594378,San Jose,California,Yes,354
SYN-DONOR-eb50aeacef214561,San Diego,California,No,911
SYN-DONOR-162c4c506a0a470f,Orlando,Florida,No,529
SYN-DONOR-d398489d4bc24cd9,Los Angeles,California,Yes,189
SYN-DONOR-c8d060f8eed0497e,Buffalo,New York,No,267
SYN-DONOR-9f07a82602b244fd,Tallahassee,Florida,Yes,813
SYN-DONOR-d1418f1ee4c348fb,San Diego,California,No,265
SYN-DONOR-212df925388c4bc5,Bronx,New York,No,475
SYN-DONOR-2a29804e57ef42f8,Charlotte,North Carolina,No,277
SYN-DONOR-5fd9347acd5f4378,Jacksonville,Florida,No,263
SYN-DONOR-3e363cc3a62c4381,Durham,North Carolina,No,312
SYN-DONOR-4444f836a4774b60,El Paso,Texas,Yes,316
SYN-DONOR-ea12066d365e407c,San Jose,California,No,796
SYN-DONOR-df1613d80c8a40e2,Oakland,California,No,112
SYN-DONOR-a45477f34a7f4f6a,New York,New York,Yes,440
SYN-DONOR-8d11a9d685614a3c,Orlando,Florida,No,119
SYN-DONOR-8e66214d288d4c10,San Antonio,Texas,Yes,516
SYN-DONOR-ac2123573bd645f0,Austin,Texas,No,922
SYN-DONOR-20e9495c77b54b95,San Francisco,California,No,563
SYN-DONOR-45bd9932852b43cd,San Antonio,Texas,No,742
SYN-DONOR-3a6af0501681440b,Paris,other,Yes,790
SYN-DONOR-bae054e9dc23417d,San Diego,California,No,435
SYN-DONOR-f8b2c645f0994840,New York,New York,No,381
SYN-DONOR-692f523057034162,Austin,Texas,No,945
SYN-DONOR-0727f0b265a64789,Rockford,Illinois,No,886
SYN-DONOR-2d3637a670544897,Paris,other,Yes,319
SYN-DONOR-2003b5eb7c344584,Oakland,California,Yes,112
SYN-DONOR-28b8534436764c83,San Antonio,Texas,No,777
SYN-DONOR-1104d0a2c93b4a95,San Diego,California,No,911
SYN-DONOR-41d0d66122c24913,Evanston,Illinois,Yes,081
SYN-DONOR-6910f86f51d54e98,Greensboro,North Carolina,No,883
SYN-DONOR-77d779bdab8d4656,Buffalo,New York,Yes,267
SYN-DONOR-e1854b6df6b14d15,Evanston,Illinois,No,090
SYN-DONOR-644448307e53495f,Queens,New York,No,092
SYN-DONOR-c4939bd30521448a,Orlando,Florida,No,119
SYN-DONOR-1cc40e2bfe904d2b,San Francisco,California,No,295
SYN-DONOR-b8b11e7e68f14a51,Bronx,New York,No,858
SYN-DONOR-ecef88d6045f4a20,San Jose,California,No,955
SYN-DONOR-6ac1e48892524ede,Oakland,California,No,716
SYN-DONOR-a20759b18ee644e0,San Jose,California,No,955
SYN-DONOR-785e4acc7b9f482b,Austin,Texas,No,743
SYN-DONOR-4f72c8768de14124,Tallahassee,Florida,No,031
SYN-DONOR-09736aad2cec42b1,San Diego,California,Yes,159
SYN-DONOR-77bcc73738ea4a4a,Sacramento,California,No,255
SYN-DONOR-c16e14e5af2c44b6,San Jose,California,No,447
SYN-DONOR-8e3596d3d005448e,Queens,New York,Yes,086
SYN-DONOR-6c93a43ecf684e76,Charlotte,North Carolina,Yes,461
SYN-DONOR-fb69b8a1442d42ea,San Antonio,Texas,No,777
SYN-DONOR-576de4e0439f4c21,Los Angeles,California,No,998
SYN-DONOR-385fff381baf45e5,Miami,Florida,No,250
SYN-DONOR-4dd48c8fefc940fb,San Jose,California,No,955
SYN-DONOR-1730a6954a824c0e,Oakland,California,Yes,205
SYN-DONOR-9543c0be504748ea,Brooklyn,New York,No,268
SYN-DONOR-ce1eeab930434176,Dallas,Texas,No,403
SYN-DONOR-758cf86c1ed740fc,Oakland,California,Yes,093
SYN-DONOR-b9d92f4adfdc4843,Greensboro,North Carolina,No,521
SYN-DONOR-d9ffb456c8384b58,Charlotte,North Carolina,No,793
SYN-DONOR-3bb06363599f4754,Paris,other,No,539
SYN-DONOR-9a9186fe3b4a4edb,San Francisco,California,No,379
SYN-DONOR-8400a2380b4146e9,Unknown,other,No,342
SYN-DONOR-c65d8c858f574664,Naperville,Illinois,Yes,934
SYN-DONOR-fa5b3f78674e49d1,Austin,Texas,No,743
SYN-DONOR-49f111e9946b4f9b,Sacramento,California,Yes,110
SYN-DONOR-39eeee06225e400e,Los Angeles,California,Yes,998
SYN-DONOR-40450f2262c64baa,Rockford,Illinois,No,770
SYN-DONOR-66209c88aa064e57,Bronx,New York,Yes,475
SYN-DONOR-e734668a5aba4ddc,Tallahassee,Florida,No,813
SYN-DONOR-9e6ae6fc37a3499d,Unknown,other,No,342
SYN-DONOR-94580149a23e4224,Rochester,New York,No,011
SYN-DONOR-d14be35f06f54ea0,Greensboro,North Carolina,No,883
SYN-DONOR-2919bb2e6008432f,Buffalo,New York,No,612
SYN-DONOR-6ef13c0dc4b7439a,Orlando,Florida,No,529
SYN-DONOR-2ecd20239a1b42b3,Rochester,New York,Yes,584
SYN-DONOR-2f2e670e92014e7b,Sacramento,California,No,879
SYN-DONOR-73e5839c3cd94f43,Jacksonville,Florida,No,600
SYN-DONOR-883f38ce67c240ef,Austin,Texas,No,229
SYN-DONOR-eab63a21f39043ee,Orlando,Florida,No,036
SYN-DONOR-33a6d488f1314cc2,Rochester,New York,No,636
SYN-DONOR-092260f190d04f3b,San Diego,California,No,226
SYN-DONOR-ba48534ea6724434,Fort Worth,Texas,Yes,234
SYN-DONOR-524ecb4b58fc4e5c,Brooklyn,New York,No,728
SYN-DONOR-8b1b77f6b01b4bc3,Los Angeles,California,No,189
SYN-DONOR-55bb9b8ae7e54b85,Oakland,California,Yes,427
SYN-DONOR-62da6088e99b4a73,Bronx,New York,No,772
SYN-DONOR-d6ac2a5cc05242b3,Tallahassee,Florida,No,031
SYN-DONOR-8f985ae8bf344f8c,Chicago,Illinois,No,835
SYN-DONOR-888e8b44a6b74855,Chicago,Illinois,No,835
SYN-DONOR-16100d6f64bc4bb2,Orlando,Florida,Yes,529
SYN-DONOR-1ff87885fe1a438d,Rockford,Illinois,No,770
SYN-DONOR-72646b8354b54b2f,San Jose,California,Yes,955
SYN-DONOR-3eece0d5c5154ecb,Rockford,Illinois,Yes,954
SYN-DONOR-db1960fe55774112,Orlando,Florida,No,119
SYN-DONOR-d24c0b0d443d4e4c,Los Angeles,California,No,999
SYN-DONOR-73979a4827dd4483,Raleigh,North Carolina,No,409
SYN-DONOR-ce7b748847394838,Durham,North Carolina,Yes,312
SYN-DONOR-0f442b2da3d64d30,Dallas,Texas,No,695
SYN-DONOR-d87f161ff3504146,San Diego,California,Yes,399
SYN-DONOR-c972cc43b57445bb,New York,New York,No,225
SYN-DONOR-2f28e846a7f3483e,Chicago,Illinois,Yes,773
SYN-DONOR-32d3bb60b4254b56,Brooklyn,New York,No,268
SYN-DONOR-26219ca5e08548e7,Evanston,Illinois,No,232
SYN-DONOR-717e43573f224b32,Austin,Texas,Yes,743
SYN-DONOR-3de59a7596094a57,Los Angeles,California,Yes,998
SYN-DONOR-54d42476285246a7,Los Angeles,California,No,830
SYN-DONOR-bf2965b788024fb5,Queens,New York,Yes,092
SYN-DONOR-ab79f996873d441a,Rochester,New York,Yes,584
SYN-DONOR-1893c27815dc455c,San Jose,California,No,972
SYN-DONOR-9fdfe5eeb15e4eb2,Chicago,Illinois,No,937
SYN-DONOR-34eb33b713484044,Dallas,Texas,No,403
SYN-DONOR-49ec0d7b85ff4ce6,Chicago,Illinois,No,937
SYN-DONOR-cd1e20ff41834ca7,Naperville,Illinois,No,249
SYN-DONOR-2eedda02f3f14dce,Charlotte,North Carolina,No,277
SYN-DONOR-fdd232a75beb492b,Naperville,Illinois,Yes,758
SYN-DONOR-b46a08ab88c44df1,Sacramento,California,No,255
SYN-DONOR-945b3c98a64d4461,Tallahassee,Florida,No,365
SYN-DONOR-6bdbe238b8394a8e,Miami,Florida,Yes,250
SYN-DONOR-5c6f7144820f4da4,San Francisco,California,No,935
SYN-DONOR-723b4e2d4b874bc7,Naperville,Illinois,No,249
SYN-DONOR-9b5a2fe85cfa4c6f,Sacramento,California,No,018
SYN-DONOR-b0f88ab8d6b64570,San Diego,California,Yes,265
SYN-DONOR-271b25d9ca8843bb,San Francisco,California,No,295
SYN-DONOR-320f3d77dc324606,Tampa,Florida,Yes,035
SYN-DONOR-84b845aa15ba43dd,Los Angeles,California,Yes,998
SYN-DONOR-604f7d9e3f444081,Queens,New York,No,984
SYN-DONOR-4b8ff67ef84344a9,San Antonio,Texas,No,742
SYN-DONOR-b5ae27e5390942bd,San Jose,California,No,447
SYN-DONOR-53c4709b343146dd,New York,New York,No,381
SYN-DONOR-e93ff562e00c4ba3,San Jose,California,No,955
SYN-DONOR-fd7be88eb3264c34,Paris,other,Yes,539
SYN-DONOR-6579c68912d84db7,San Jose,California,No,955
SYN-DONOR-059a992c1dd44a0d,Austin,Texas,No,065
SYN-DONOR-c4983c0951594162,Evanston,Illinois,No,144
SYN-DONOR-08859b45d90c43b9,Brooklyn,New York,No,377
SYN-DONOR-16a4dd7576e54930,Brooklyn,New York,No,075
SYN-DONOR-d20810753ab44e40,Oakland,California,No,859
SYN-DONOR-1952cfc871674487,Tallahassee,Florida,No,813
SYN-DONOR-c40552e0f9264bb6,Unknown,other,No,342
SYN-DONOR-e83c0baa3c544ca9,Austin,Texas,Yes,922
SYN-DONOR-e35689edab1842c6,San Francisco,California,Yes,114
SYN-DONOR-1edff6b7f6de495b,Sacramento,California,Yes,879
SYN-DONOR-ef1369510c3440e5,San Francisco,California,No,114
SYN-DONOR-f595ad4bca4b42e4,Oakland,California,No,112
SYN-DONOR-4fd30b3138ad4268,Los Angeles,California,No,321
SYN-DONOR-dcfad0182990436d,Jacksonville,Florida,Yes,651
SYN-DONOR-3a89901d944d4670,Los Angeles,California,No,420
SYN-DONOR-7ed30c4873ce46d5,London,other,No,110
SYN-DONOR-04036b1a2c664417,El Paso,Texas,No,941
SYN-DONOR-2591d09105e447a6,Charlotte,North Carolina,No,461
SYN-DONOR-4d3c3c747e5d4037,Austin,Texas,No,083
SYN-DONOR-06ef2bc020b948e3,Chicago,Illinois,No,891
SYN-DONOR-fa22932632174e76,Sacramento,California,No,707
SYN-DONOR-e32d58f124234b7e,Aurora,Illinois,Yes,299
SYN-DONOR-96dae4ec8ccf4b3a,Naperville,Illinois,No,758
SYN-DONOR-84d6a95bbde54553,Miami,Florida,No,563
SYN-DONOR-68ed7fa2b32c4bd8,Oakland,California,No,093
SYN-DONOR-3544f8785bf8434f,Dallas,Texas,No,695
SYN-DONOR-d0163d873b7744b3,Chicago,Illinois,No,655
SYN-DONOR-43b49b9c6a9940d8,San Diego,California,No,338
SYN-DONOR-5f3bcc4d83004611,Naperville,Illinois,No,971
SYN-DONOR-b497b90367324e69,Austin,Texas,No,922
SYN-DONOR-d673b89bc93644c2,San Jose,California,No,105
SYN-DONOR-a7f91b3feaf54db0,Sacramento,California,No,255
SYN-DONOR-181e889708994f23,El Paso,Texas,No,627
SYN-DONOR-ad6104931896422b,Chicago,Illinois,Yes,982
SYN-DONOR-58b53e8c822f4aae,Houston,Texas,No,363
SYN-DONOR-800c20a291584e40,Naperville,Illinois,Yes,249
SYN-DONOR-3085eb9b4f44430a,London,other,Yes,110
SYN-DONOR-fd6e542428e34c8a,Brooklyn,New York,No,240
SYN-DONOR-4d32b16360ed4b9a,Naperville,Illinois,Yes,701
SYN-DONOR-6051396ae8a548f7,London,other,No,127
SYN-DONOR-a6d56138e9a24e45,Buffalo,New York,No,758
SYN-DONOR-b7d7566fca2148c9,Tallahassee,Florida,No,813
SYN-DONOR-ce1962136c7d40d5,Jacksonville,Florida,Yes,600
SYN-DONOR-690a06414cc046f6,Oakland,California,No,716
SYN-DONOR-1e8a60229fa645bf,Naperville,Illinois,No,647
SYN-DONOR-9b6812ad98114ef1,Brooklyn,New York,Yes,139
SYN-DONOR-bef8b8e89ef14b88,El Paso,Texas,No,668
SYN-DONOR-323a0ed334c24998,Tampa,Florida,No,035
SYN-DONOR-9513e1fe698b479f,San Jose,California,No,022
SYN-DONOR-5f9b632fc1334691,Dallas,Texas,No,695
SYN-DONOR-4f68914d561e4366,Rockford,Illinois,No,954
SYN-DONOR-ccc5e4dbc0884905,Oakland,California,No,474
SYN-DONOR-404f573164c94470,Queens,New York,Yes,092
SYN-DONOR-33b665685af34293,Tallahassee,Florida,No,365
SYN-DONOR-da3a06529b5e4dde,Sacramento,California,No,443
SYN-DONOR-e99e32d218e7474d,San Francisco,California,Yes,295
SYN-DONOR-1ceeec3b0a954f59,Tallahassee,Florida,Yes,813
SYN-DONOR-89f5a2e45ae94816,Raleigh,North Carolina,No,864
SYN-DONOR-6bf0040c3e6a478b,Miami,Florida,No,204
SYN-DONOR-bd20a554528d41a8,El Paso,Texas,Yes,162
SYN-DONOR-abe998cf025343d0,Miami,Florida,No,563
SYN-DONOR-646a8a15c1bc4c3a,El Paso,Texas,No,212
SYN-DONOR-316aecd9edce462d,San Jose,California,No,354
SYN-DONOR-0e616e6c0a304771,Fort Worth,Texas,No,931
SYN-DONOR-8350aaf4591149ba,Rockford,Illinois,No,670
SYN-DONOR-bb8d1d04bf3d4565,El Paso,Texas,No,061
SYN-DONOR-50e5508e018e4ff1,Dallas,Texas,No,403
SYN-DONOR-cf03e5d070f74c7e,Fort Worth,Texas,Yes,111
SYN-DONOR-3fc6783e54ab41e3,New York,New York,No,930
SYN-DONOR-d139602084624f47,Naperville,Illinois,No,291
SYN-DONOR-6b9cb3a94501442a,Jacksonville,Florida,No,263
SYN-DONOR-56d16040eb834481,Rochester,New York,Yes,011
SYN-DONOR-b823431e776641b9,Brooklyn,New York,No,722
SYN-DONOR-e7dd2ca011124707,Rockford,Illinois,No,435
SYN-DONOR-aebb41c68e6a4898,Austin,Texas,No,743
SYN-DONOR-316d63c256c24505,Rochester,New York,No,550
SYN-DONOR-00c22fe3ac7a40fa,El Paso,Texas,No,212
SYN-DONOR-71d39cb8eccd4e9b,Miami,Florida,No,250
SYN-DONOR-8d767e3f74e34356,Paris,other,No,539
SYN-DONOR-82edb3f05e7946a8,New York,New York,No,381
SYN-DONOR-5931f614320b4b84,Naperville,Illinois,No,647
SYN-DONOR-3a4d1f0982c94af1,Los Angeles,California,Yes,321
SYN-DONOR-412337c9b78c4082,Tampa,Florida,No,530
SYN-DONOR-b1814a4059ca481d,Houston,Texas,No,559
SYN-DONOR-74c6e276739a4a5d,Bronx,New York,No,858
SYN-DONOR-d81b496939c34123,Aurora,Illinois,No,788
SYN-DONOR-7f5c54788dce45cb,Austin,Texas,Yes,743
SYN-DONOR-cc52ed310f6b45d8,Los Angeles,California,No,853
SYN-DONOR-62790e40276a4af9,Sacramento,California,No,443
SYN-DONOR-759acad3396f431c,Oakland,California,No,427
SYN-DONOR-fe29e727d2d24cf0,El Paso,Texas,Yes,941
SYN-DONOR-1f1393a8137c49ed,San Jose,California,No,972
SYN-DONOR-01d548d5da7a4365,Austin,Texas,No,229
SYN-DONOR-ad462ca9383d4db0,San Diego,California,No,910
SYN-DONOR-4fe1c25a25bd4e44,Naperville,Illinois,Yes,758
SYN-DONOR-413bc965c37f45c4,Aurora,Illinois,No,515
SYN-DONOR-5e5c76cc45bd4ecc,Chicago,Illinois,No,891
SYN-DONOR-61e54d9515804dc7,New York,New York,Yes,166
SYN-DONOR-979b116c52a641a3,Houston,Texas,Yes,363
SYN-DONOR-df1eff406f0a447d,Brooklyn,New York,No,075
SYN-DONOR-af6a4e50bfd84b42,Rockford,Illinois,No,643
SYN-DONOR-05dd00ce1615455e,Tampa,Florida,No,801
SYN-DONOR-b3a66e49d69d4b70,Naperville,Illinois,No,689
SYN-DONOR-e25459f4c65f4dc3,Queens,New York,No,092
SYN-DONOR-24dbd12b89c74cc8,Durham,North Carolina,Yes,312
SYN-DONOR-77a4bde3c96c470e,Tallahassee,Florida,Yes,365
SYN-DONOR-a71582092ec34e64,New York,New York,No,166
SYN-DONOR-38eff8d06d714af8,Buffalo,New York,No,612
SYN-DONOR-1d035585febb438a,Los Angeles,California,No,243
SYN-DONOR-7873bf33431149f2,Naperville,Illinois,Yes,833
SYN-DONOR-f391b3f16c7c4947,Naperville,Illinois,Yes,647
SYN-DONOR-92ad058aecc84c59,Sacramento,California,Yes,903
SYN-DONOR-1c479ea9f5294633,Tampa,Florida,No,035
SYN-DONOR-5f7aa8f8e44244de,Brooklyn,New York,No,647
SYN-DONOR-0caea930fe28448b,Paris,other,No,790
SYN-DONOR-7d1de319fec34e23,Orlando,Florida,No,529
SYN-DONOR-770b222e61804774,Sacramento,California,No,018
SYN-DONOR-a1ea245b245049f5,New York,New York,Yes,225
SYN-DONOR-1a5ab66bc87e4401,Greensboro,North Carolina,No,521
SYN-DONOR-bfb11a889d4840a1,Rochester,New York,No,445
SYN-DONOR-9d507b52d7624e54,Jacksonville,Florida,No,263
SYN-DONOR-b820da1344ba4428,Dallas,Texas,No,671
SYN-DONOR-893d062dfb6a421b,Tallahassee,Florida,No,365
SYN-DONOR-c6cfa95504704e2d,Tallahassee,Florida,No,365
SYN-DONOR-a18f41d5be1240ef,Tallahassee,Florida,No,813
SYN-DONOR-99e2d704644f4328,San Antonio,Texas,No,742
SYN-DONOR-6cc9b5750fd7459d,Miami,Florida,No,799
SYN-DONOR-a962fb1d06374f3f,Rockford,Illinois,No,435
SYN-DONOR-19e7df8897b74085,San Diego,California,No,718
SYN-DONOR-471be18ce4c94e4c,London,other,No,110
SYN-DONOR-cb06a66b52254109,San Francisco,California,No,295
SYN-DONOR-e7c0e279fe924d5a,Rockford,Illinois,No,770
SYN-DONOR-141ea7c058904411,Paris,other,No,539
SYN-DONOR-f4ddb426b69b4793,San Diego,California,No,718
SYN-DONOR-80269b90131d4d86,Queens,New York,No,833
SYN-DONOR-ac5f5af6e9c844b6,Bronx,New York,No,858
SYN-DONOR-d7db82948d014115,New York,New York,Yes,166
SYN-DONOR-176003428f6f4edf,San Diego,California,No,265
SYN-DONOR-8a6a34e95fdb4698,Naperville,Illinois,No,689
SYN-DONOR-fc7007e02b58474e,Chicago,Illinois,No,773
SYN-DONOR-53b07aa7df7a4fe4,New York,New York,No,166
SYN-DONOR-d206d1bd19834064,Chicago,Illinois,No,982
SYN-DONOR-ab83339dcaa34851,New York,New York,No,166
SYN-DONOR-8579e1a991914041,Sacramento,California,No,879
SYN-DONOR-827ec78eaf6d47f9,Charlotte,North Carolina,Yes,461
SYN-DONOR-1a204021063f426f,Sacramento,California,No,018
SYN-DONOR-27341a5f11074910,San Diego,California,No,159
SYN-DONOR-763ec0aa96c740f2,Los Angeles,California,No,245
SYN-DONOR-0f11ed375f2549db,El Paso,Texas,No,423
SYN-DONOR-dc356217c4204398,Naperville,Illinois,No,894
SYN-DONOR-856acfc9bc8a4d29,Greensboro,North Carolina,No,883
SYN-DONOR-7001326ef5a14903,Raleigh,North Carolina,No,409
SYN-DONOR-752ee50fe4f34758,New York,New York,No,590
SYN-DONOR-e61c2c82899843c3,Buffalo,New York,No,251
SYN-DONOR-c66cd30839f34cb9,Tampa,Florida,No,035
SYN-DONOR-1a846c1d90134bf0,Rochester,New York,Yes,011
SYN-DONOR-91ab491bbd254416,San Francisco,California,No,935
SYN-DONOR-ecd908b063404e1d,Miami,Florida,No,474
SYN-DONOR-c80ff17b42324bb0,Queens,New York,Yes,688
SYN-DONOR-dc8ec07ba72f47d6,Los Angeles,California,No,189
SYN-DONOR-59003d50afd34f22,Dallas,Texas,No,403
SYN-DONOR-19c3f2b72fb943ca,Dallas,Texas,No,695
SYN-DONOR-fd2e8804718e4554,Oakland,California,No,112
SYN-DONOR-d8628fbc4b3549f0,Bronx,New York,No,858
SYN-DONOR-641cb29b23b146fc,Jacksonville,Florida,No,263
SYN-DONOR-2023654f3eed4fc2,San Diego,California,No,910
SYN-DONOR-f408c97e62564f0d,Sacramento,California,No,333
SYN-DONOR-838a2b6d34a54f9f,San Francisco,California,Yes,370
SYN-DONOR-0f7f6dfa20474aae,Fort Worth,Texas,Yes,459
SYN-DONOR-3cb1dfd1f5fd41fe,Sacramento,California,No,333
SYN-DONOR-70d6a80dc62a407a,Bronx,New York,No,858
SYN-DONOR-2c332af20bf4421f,San Francisco,California,No,114
SYN-DONOR-b5114b649c8d4853,New York,New York,No,225
SYN-DONOR-9e04a91ac0b24985,Brooklyn,New York,Yes,722
SYN-DONOR-c1b2d6df90bc4ad1,Greensboro,North Carolina,No,883
SYN-DONOR-3e8df9eae0924642,Sacramento,California,No,879
SYN-DONOR-329f69698fa84492,San Francisco,California,No,218
SYN-DONOR-c2c9322650064e08,El Paso,Texas,No,212
SYN-DONOR-f56e657987e44bac,San Jose,California,Yes,105
SYN-DONOR-ae75cb5525c04f10,El Paso,Texas,No,941
SYN-DONOR-f16ef516d3744109,Fort Worth,Texas,No,459
SYN-DONOR-6a75efb65bc844bb,Buffalo,New York,No,267
SYN-DONOR-a698652b87874514,Dallas,Texas,Yes,671
SYN-DONOR-03cd9323633646f5,Oakland,California,No,205
SYN-DONOR-a60b66f44b544fa1,Tallahassee,Florida,Yes,031
SYN-DONOR-0a3809f3dd8a4408,Miami,Florida,No,818
SYN-DONOR-8b87ca3141ec4703,San Francisco,California,No,218
SYN-DONOR-08690c2ecba542cf,San Diego,California,No,338
SYN-DONOR-75009ec779054476,San Diego,California,Yes,435
SYN-DONOR-28ab254cb1cf4f7b,Charlotte,North Carolina,Yes,461
SYN-DONOR-5ff83003655e4a9a,Buffalo,New York,No,251
SYN-DONOR-ca2226a1c60a4bbb,Evanston,Illinois,No,090
SYN-DONOR-4a45d1ae54bd49a9,Los Angeles,California,No,243
SYN-DONOR-1e5a329bc20b4826,San Antonio,Texas,Yes,742
SYN-DONOR-9f85febefb9e427d,San Diego,California,No,563
SYN-DONOR-0044815b93844169,Austin,Texas,No,743
SYN-DONOR-59d8bd132b7c4028,San Francisco,California,Yes,935
SYN-DONOR-7746672fb274474d,Brooklyn,New York,Yes,268
SYN-DONOR-e8a88fc069794e34,San Francisco,California,No,935
SYN-DONOR-0f0633d62e864fe7,New York,New York,Yes,555
SYN-DONOR-edec20db2cd748da,Los Angeles,California,No,243
SYN-DONOR-855de6bf089d4825,Sacramento,California,No,018
SYN-DONOR-80c4b5d10bf1418a,Evanston,Illinois,No,081
SYN-DONOR-23c4300f25fa4111,Greensboro,North Carolina,Yes,521
SYN-DONOR-7d0d2192a4104b4f,Evanston,Illinois,No,090
SYN-DONOR-7a6565218cfb4dcd,Naperville,Illinois,No,934
SYN-DONOR-754bc70807ab4d36,Unknown,other,No,342
SYN-DONOR-296f797313f04ee6,San Jose,California,Yes,022
SYN-DONOR-849a10b762734498,Rockford,Illinois,No,435
SYN-DONOR-ddb389afb5ba4182,Chicago,Illinois,No,655
SYN-DONOR-a826c11fab194eff,Sacramento,California,No,018
SYN-DONOR-a8544ed954364742,Fort Worth,Texas,No,234
SYN-DONOR-8a3039f52eca4dfa,Raleigh,North Carolina,No,864
SYN-DONOR-a7a578615cc64fc8,El Paso,Texas,No,061
SYN-DONOR-f0938f44b4ce4d26,Dallas,Texas,Yes,260
SYN-DONOR-cabb84c9e8e74cc3,Orlando,Florida,Yes,036
SYN-DONOR-f3c503caf31c4792,San Jose,California,No,796
SYN-DONOR-c5e31520f90a4ec9,Chicago,Illinois,Yes,937
SYN-DONOR-fbfabbb37b4f4ea8,Sacramento,California,No,333
SYN-DONOR-aca78eeb57374959,Fort Worth,Texas,Yes,097
SYN-DONOR-d4a45fd623024fce,San Jose,California,No,105
SYN-DONOR-3b947c23192a481d,Sacramento,California,No,310
SYN-DONOR-dd8a2243221a4d4c,Los Angeles,California,Yes,853
SYN-DONOR-fbbbd58d40a14051,New York,New York,No,620
SYN-DONOR-43cd6e4853ed49c6,Tallahassee,Florida,Yes,813
SYN-DONOR-d6f528162fb34454,Miami,Florida,No,474
SYN-DONOR-9e836529764c428e,Queens,New York,Yes,984
SYN-DONOR-5d076f5e28df4460,Sacramento,California,No,903
SYN-DONOR-a6bfe8b3fd334e05,Los Angeles,California,No,998
SYN-DONOR-3c8e4e1804d746fd,Queens,New York,No,092
SYN-DONOR-3afd8d1649704c6a,El Paso,Texas,No,316
SYN-DONOR-1847ee858cfb4f89,San Francisco,California,No,935
SYN-DONOR-a2d5ce7cb8b746fc,Durham,North Carolina,Yes,312
SYN-DONOR-af3ef2cb6f7a446d,Houston,Texas,No,173
SYN-DONOR-7b0d9e09c5864ca8,Oakland,California,Yes,205
SYN-DONOR-eb39d6345656419c,Evanston,Illinois,No,144
SYN-DONOR-baf94f73266a4592,Jacksonville,Florida,No,942
SYN-DONOR-cafe6de046f84060,Evanston,Illinois,Yes,232
SYN-DONOR-350489ecd9694ca4,London,other,No,127
SYN-DONOR-bfdd2684a25b4a20,San Jose,California,Yes,354
SYN-DONOR-60250503001c47a9,Rochester,New York,Yes,011
SYN-DONOR-313566c696b54041,Rockford,Illinois,No,770
SYN-DONOR-d3268901b4254a71,Rockford,Illinois,Yes,954
SYN-DONOR-98b9c7d152ce48b3,Rockford,Illinois,No,954
SYN-DONOR-f8fadcc3d9264056,London,other,No,127
SYN-DONOR-738f5b0633e841c3,Bronx,New York,No,858
SYN-DONOR-13aa4ce81bbe4cb7,San Francisco,California,No,379
SYN-DONOR-1cce836070d64ba9,Jacksonville,Florida,No,571
SYN-DONOR-7be8a2833e0b421e,New York,New York,No,555
SYN-DONOR-aaf4934f617746c7,Chicago,Illinois,No,982
SYN-DONOR-15ebaa2544f6462d,Durham,North Carolina,No,673
SYN-DONOR-323975b2f13e4388,Oakland,California,Yes,859
SYN-DONOR-e9fa680bc2424f3f,Queens,New York,Yes,833
SYN-DONOR-10d2c10fc9c74031,Dallas,Texas,No,403
SYN-DONOR-848825b154e04029,Aurora,Illinois,No,299
SYN-DONOR-d7b8dab77ddb453b,Evanston,Illinois,Yes,144
SYN-DONOR-576c8aef2c6047b5,Austin,Texas,No,743
SYN-DONOR-f271f4922a8341ec,Oakland,California,Yes,474
SYN-DONOR-f2b75d60919942c8,Los Angeles,California,No,853
SYN-DONOR-0688e9f2e5be407d,Queens,New York,Yes,688
SYN-DONOR-cfb678d96544459b,Oakland,California,No,427
SYN-DONOR-0a90f1b896694f89,San Francisco,California,No,728
SYN-DONOR-c7d875666fb540c2,Tampa,Florida,Yes,530
SYN-DONOR-2ce6ea478d0d4ddd,San Diego,California,No,910
SYN-DONOR-ca31775b74cb4def,Sacramento,California,Yes,333
SYN-DONOR-75034b6ec5ba485a,Fort Worth,Texas,No,097
SYN-DONOR-bafd60a4d42349c1,New York,New York,No,381
SYN-DONOR-13137beb443845c1,Houston,Texas,No,363
SYN-DONOR-a1ed07792d194370,London,other,Yes,110
SYN-DONOR-4aee1779c987489b,Orlando,Florida,No,861
SYN-DONOR-140e6a72fddf438d,Tallahassee,Florida,No,365
SYN-DONOR-bb25b836d7fb426e,San Jose,California,No,022
SYN-DONOR-3f4f4cbb79984d2f,San Antonio,Texas,No,777
SYN-DONOR-2da61be0251d4271,Sacramento,California,No,018
SYN-DONOR-50ff4e0560c247b1,Oakland,California,Yes,112
SYN-DONOR-7b9e6da76a964aeb,Fort Worth,Texas,No,061
SYN-DONOR-1e127501f14d449f,New York,New York,Yes,381
SYN-DONOR-9ebfb3e4a0454443,New York,New York,Yes,166
SYN-DONOR-7eee41b1224c48cc,Naperville,Illinois,No,249
SYN-DONOR-78c0f3b3ca5c44bd,Chicago,Illinois,No,982
SYN-DONOR-73836808e25f4764,Fort Worth,Texas,Yes,061
SYN-DONOR-836bdfaeb1e641d2,San Francisco,California,No,728
SYN-DONOR-f8b7c917284d46e5,Brooklyn,New York,Yes,722
SYN-DONOR-b957583bfabd41d2,San Francisco,California,No,379
SYN-DONOR-9997c186844447c5,Brooklyn,New York,No,377
SYN-DONOR-9a238b1e1380434c,Unknown,other,Yes,342
SYN-DONOR-f908086b0fc54ebe,Sacramento,California,No,707
SYN-DONOR-7b76579070e64bc5,Sacramento,California,Yes,879
SYN-DONOR-d6d0da9f2e8b4463,Sacramento,California,No,255
SYN-DONOR-5e54abc18c434f59,Los Angeles,California,Yes,853
SYN-DONOR-9ab1c2cdde444c0d,Tallahassee,Florida,No,365
SYN-DONOR-f50620726c284053,San Jose,California,Yes,850
SYN-DONOR-745365dfded34617,Rockford,Illinois,Yes,643
SYN-DONOR-6fa276a8faed4118,El Paso,Texas,No,423
SYN-DONOR-5bd6df3196734b6c,Austin,Texas,Yes,229
SYN-DONOR-fb8d3293ff6c48c6,Naperville,Illinois,No,758
SYN-DONOR-eecc3a55722c4aa6,Los Angeles,California,No,321
SYN-DONOR-af9bf49b51304e75,Fort Worth,Texas,Yes,931
SYN-DONOR-b5b523968a9c44d5,Rockford,Illinois,Yes,954
SYN-DONOR-bd442ca0a29a4bac,Unknown,other,No,342
SYN-DONOR-520a94ced3b34e16,San Diego,California,Yes,399
SYN-DONOR-e76ef338b1764ba8,Charlotte,North Carolina,Yes,793
SYN-DONOR-ca235c6b33a24e09,Miami,Florida,No,204
SYN-DONOR-9d74184da9d24860,Rochester,New York,No,584
SYN-DONOR-869888d5591344c5,Sacramento,California,No,255
SYN-DONOR-d83825c667e04fe4,Queens,New York,No,984
SYN-DONOR-f68357bd33994288,Jacksonville,Florida,No,651
SYN-DONOR-5d1aeaa7d90e4920,Naperville,Illinois,No,894
SYN-DONOR-68663f1d6bd443fb,Miami,Florida,Yes,204
SYN-DONOR-895c0960c4714a15,Houston,Texas,No,363
SYN-DONOR-c41b2e2e007e4e56,Brooklyn,New York,No,268
SYN-DONOR-1b954e47192c4552,Oakland,California,No,427
SYN-DONOR-23e69d18057f4068,Orlando,Florida,Yes,861
SYN-DONOR-1697cc0e757045ea,Austin,Texas,No,922
SYN-DONOR-628467377a914ede,Oakland,California,No,474
SYN-DONOR-66d707da25f04830,Charlotte,North Carolina,No,793
SYN-DONOR-c8b7767838bf46b0,Dallas,Texas,No,695
SYN-DONOR-6c2d46f94de541f4,Chicago,Illinois,No,835
SYN-DONOR-2e6940ab997d4543,Rochester,New York,No,550
SYN-DONOR-d82977acf5af46bd,San Diego,California,No,563
SYN-DONOR-43cab2264e334950,Paris,other,No,319
SYN-DONOR-13d6fa83d7e44def,Brooklyn,New York,No,268
SYN-DONOR-3b45b17010464b06,Dallas,Texas,No,671
SYN-DONOR-7e6730026b6d4859,Fort Worth,Texas,Yes,061
SYN-DONOR-04611e81f0aa4f89,El Paso,Texas,No,668
SYN-DONOR-c3e5d84430274a92,Brooklyn,New York,No,377
SYN-DONOR-9fcc3b27baff4a88,Los Angeles,California,No,830
SYN-DONOR-0ff56d3540154b1f,Rockford,Illinois,Yes,954
SYN-DONOR-386a7a81862f434d,Rochester,New York,No,636
SYN-DONOR-f51c2e80f26f4ecb,Fort Worth,Texas,Yes,097
SYN-DONOR-bcb82f56929c46bb,Miami,Florida,No,799
SYN-DONOR-efa252d0b1b64d38,Paris,other,No,790
SYN-DONOR-0f64ee6cda294dca,Orlando,Florida,Yes,861
SYN-DONOR-79420ecd7d0746a5,Greensboro,North Carolina,Yes,883
